Date,Zn_Price,DXY,Brent_USD,Zinc_Production,Global_PMI
2015-07-17,2087.50000,97.86000,57.52000,113.49310,
2015-07-20,2075.00000,98.03000,56.65000,113.49310,
2015-07-21,2059.00000,97.33000,57.04000,113.49310,
2015-07-22,2026.00000,97.60000,56.13000,113.49310,
2015-07-23,2006.00000,97.12000,55.27000,113.49310,
2015-07-24,2000.00000,97.24000,54.62000,113.49310,
2015-07-27,1956.50000,96.50000,53.47000,113.49310,
2015-07-28,2000.00000,96.77000,53.30000,113.49310,
2015-07-29,1990.00000,96.98000,53.38000,113.49310,
2015-07-30,1972.50000,97.56000,53.31000,113.49310,
2015-07-31,1940.00000,97.37000,52.21000,113.49310,
2015-08-03,1921.00000,97.49000,49.52000,113.49310,
2015-08-04,1937.00000,97.93000,49.99000,113.49310,
2015-08-05,1915.50000,97.96000,49.59000,113.49310,
2015-08-06,1890.00000,97.83000,49.52000,113.49310,
2015-08-07,1881.00000,97.56000,48.61000,113.49310,
2015-08-10,1910.00000,97.16000,50.41000,113.49310,
2015-08-11,1830.00000,97.29000,49.18000,113.49310,
2015-08-12,1850.00000,96.26000,49.66000,113.49310,
2015-08-13,1850.00000,96.45000,49.22000,113.49310,
2015-08-14,1850.00000,96.57000,49.03000,113.49310,
2015-08-17,1835.00000,96.82000,49.03000,113.49310,
2015-08-18,1785.50000,96.97000,48.81000,113.49310,
2015-08-19,1805.00000,96.46000,47.16000,113.49310,
2015-08-20,1837.50000,95.75000,46.62000,113.49310,
2015-08-21,1782.50000,94.83000,45.46000,113.49310,
2015-08-24,1733.00000,93.31000,42.69000,113.49310,
2015-08-25,1753.00000,94.53000,43.21000,113.49310,
2015-08-26,1702.50000,95.10000,43.14000,113.49310,
2015-08-27,1762.50000,95.61000,47.56000,113.49310,
2015-08-28,1822.50000,96.11000,50.05000,113.49310,
2015-08-31,1822.50000,95.95000,54.15000,113.49310,
2015-09-01,1822.50000,95.45000,49.56000,113.49310,
2015-09-02,1832.50000,95.83000,50.50000,113.49310,
2015-09-03,1832.50000,96.41000,50.68000,113.49310,
2015-09-04,1797.50000,96.23000,49.61000,113.49310,
2015-09-07,1820.00000,95.96750,49.54250,113.49310,
2015-09-08,1827.50000,95.88000,49.52000,113.49310,
2015-09-09,1830.00000,96.01000,47.58000,113.49310,
2015-09-10,1825.00000,95.46000,48.89000,113.49310,
2015-09-11,1825.00000,95.19000,48.14000,113.49310,
2015-09-14,1765.00000,95.25000,46.37000,113.49310,
2015-09-15,1748.50000,95.61000,46.63000,113.49310,
2015-09-16,1755.00000,95.42000,46.61000,113.49310,
2015-09-17,1737.50000,94.55000,49.08000,113.49310,
2015-09-18,1695.00000,94.86000,47.47000,113.49310,
2015-09-21,1670.00000,95.89000,48.92000,113.49310,
2015-09-22,1637.50000,96.28000,49.08000,113.49310,
2015-09-23,1657.50000,96.07000,47.75000,113.49310,
2015-09-24,1682.50000,95.99000,48.17000,113.49310,
2015-09-25,1630.00000,96.27000,48.60000,113.49310,
2015-09-28,1627.50000,96.03000,47.34000,113.49310,
2015-09-29,1650.00000,95.89000,48.23000,113.49310,
2015-09-30,1693.50000,96.35000,48.37000,113.49310,
2015-10-01,1684.00000,96.19000,47.69000,113.49310,
2015-10-02,1687.50000,95.83000,48.13000,114.93910,
2015-10-05,1666.00000,96.11000,49.25000,114.93910,
2015-10-06,1647.00000,95.46000,51.92000,114.93910,
2015-10-07,1688.50000,95.50000,51.33000,114.93910,
2015-10-08,1663.00000,95.32000,53.05000,114.93910,
2015-10-09,1839.00000,94.81000,52.65000,114.93910,
2015-10-12,1838.00000,94.84000,49.86000,114.93910,
2015-10-13,1816.50000,94.76000,49.24000,114.93910,
2015-10-14,1816.50000,93.93000,49.15000,114.93910,
2015-10-15,1819.50000,94.37000,48.71000,114.93910,
2015-10-16,1807.00000,94.54000,48.73000,114.93910,
2015-10-19,1807.00000,94.96000,48.61000,114.93910,
2015-10-20,1771.00000,94.85000,48.71000,114.93910,
2015-10-21,1721.50000,95.05000,47.85000,114.93910,
2015-10-22,1748.50000,96.34000,48.08000,114.93910,
2015-10-23,1752.50000,97.07000,47.99000,114.93910,
2015-10-26,1737.00000,96.86000,47.54000,114.93910,
2015-10-27,1743.50000,96.91000,46.81000,114.93910,
2015-10-28,1753.00000,97.78000,49.05000,114.93910,
2015-10-29,1728.50000,97.28000,48.80000,114.93910,
2015-10-30,1704.00000,96.95000,49.56000,114.93910,
2015-11-02,1699.00000,96.93000,48.79000,114.93910,
2015-11-03,1696.50000,97.16000,50.54000,114.93910,
2015-11-04,1683.50000,97.95000,48.58000,114.93910,
2015-11-05,1683.50000,97.94000,47.98000,114.93910,
2015-11-06,1683.50000,99.16000,47.42000,114.93910,
2015-11-09,1655.00000,98.98000,47.19000,114.93910,
2015-11-10,1616.00000,99.29000,47.44000,114.93910,
2015-11-11,1632.50000,99.01000,45.81000,114.93910,
2015-11-12,1618.00000,98.65000,44.06000,114.93910,
2015-11-13,1626.50000,98.99000,43.61000,114.93910,
2015-11-16,1591.00000,99.44000,43.58000,114.93910,
2015-11-17,1554.50000,99.63000,43.57000,114.93910,
2015-11-18,1516.50000,99.65000,44.14000,114.93910,
2015-11-19,1532.00000,98.99000,44.18000,114.93910,
2015-11-20,1561.50000,99.57000,44.66000,114.93910,
2015-11-23,1547.00000,99.80000,44.83000,114.93910,
2015-11-24,1586.00000,99.53000,46.12000,114.93910,
2015-11-25,1578.00000,99.80000,46.17000,114.93910,
2015-11-26,1570.75000,99.91000,45.51500,114.93910,
2015-11-27,1563.50000,100.02000,44.86000,114.93910,
2015-11-30,1562.50000,100.17000,44.61000,114.93910,
2015-12-01,1575.00000,99.80000,44.44000,114.93910,
2015-12-02,1557.50000,99.99000,42.49000,114.93910,
2015-12-03,1522.00000,97.62000,43.84000,114.93910,
2015-12-04,1554.00000,98.35000,43.00000,114.93910,
2015-12-07,1532.50000,98.66000,40.73000,114.93910,
2015-12-08,1537.00000,98.47000,40.26000,114.93910,
2015-12-09,1538.50000,97.35000,40.11000,114.93910,
2015-12-10,1538.00000,97.94000,39.73000,114.93910,
2015-12-11,1557.50000,97.57000,37.93000,114.93910,
2015-12-14,1554.50000,97.60000,37.92000,114.93910,
2015-12-15,1509.50000,98.22000,38.45000,114.93910,
2015-12-16,1518.50000,97.87000,37.19000,114.93910,
2015-12-17,1496.50000,99.27000,37.18000,114.93910,
2015-12-18,1520.50000,98.70000,36.88000,114.93910,
2015-12-21,1536.00000,98.46000,36.35000,114.93910,
2015-12-22,1523.00000,98.24000,36.11000,114.93910,
2015-12-23,1558.00000,98.34000,37.36000,114.93910,
2015-12-24,1558.00000,97.98000,37.89000,114.93910,
2015-12-25,1558.00000,97.96500,37.57250,114.93910,
2015-12-28,1558.00000,97.92000,36.62000,114.93910,
2015-12-29,1558.00000,98.10000,37.79000,114.93910,
2015-12-30,1561.25000,98.27000,36.46000,114.93910,
2015-12-31,1564.50000,98.63000,37.28000,114.93910,
2016-01-01,1567.75000,98.69000,37.26500,114.93910,
2016-01-04,1577.50000,98.87000,37.22000,115.39810,
2016-01-05,1578.50000,99.40000,36.42000,115.39810,
2016-01-06,1554.00000,99.18000,34.23000,115.39810,
2016-01-07,1510.00000,98.22000,33.75000,115.39810,
2016-01-08,1513.00000,98.54000,33.55000,115.39810,
2016-01-11,1476.50000,98.73000,31.55000,115.39810,
2016-01-12,1461.50000,98.97000,30.86000,115.39810,
2016-01-13,1490.50000,98.93000,30.31000,115.39810,
2016-01-14,1505.50000,99.09000,31.03000,115.39810,
2016-01-15,1480.50000,98.96000,31.01000,115.39810,
2016-01-18,1503.00000,99.12000,29.32250,115.39810,
2016-01-19,1510.50000,98.99000,28.76000,115.39810,
2016-01-20,1485.50000,99.09000,27.88000,115.39810,
2016-01-21,1510.00000,99.06000,29.25000,115.39810,
2016-01-22,1511.50000,99.57000,32.18000,115.39810,
2016-01-25,1514.50000,99.36000,30.50000,115.39810,
2016-01-26,1585.50000,99.36000,31.80000,115.39810,
2016-01-27,1609.00000,98.90000,33.10000,115.39810,
2016-01-28,1616.25000,98.51000,33.89000,115.39810,
2016-01-29,1623.50000,99.61000,34.74000,115.39810,
2016-02-01,1649.00000,99.00000,34.69000,115.39810,
2016-02-02,1669.50000,98.87000,32.72000,115.39810,
2016-02-03,1696.50000,97.29000,35.04000,115.39810,
2016-02-04,1696.50000,96.47000,34.46000,115.39810,
2016-02-05,1696.50000,97.03000,34.06000,115.39810,
2016-02-08,1725.50000,96.57000,32.88000,115.39810,
2016-02-09,1688.00000,96.07000,30.32000,115.39810,
2016-02-10,1703.50000,95.89000,30.84000,115.39810,
2016-02-11,1704.50000,95.56000,30.06000,115.39810,
2016-02-12,1703.00000,95.98000,33.36000,115.39810,
2016-02-15,1679.75000,96.64750,32.47500,115.39810,
2016-02-16,1672.00000,96.87000,32.18000,115.39810,
2016-02-17,1645.00000,96.79000,34.50000,115.39810,
2016-02-18,1689.50000,96.95000,34.28000,115.39810,
2016-02-19,1740.50000,96.60000,33.01000,115.39810,
2016-02-22,1776.50000,97.38000,34.69000,115.39810,
2016-02-23,1734.00000,97.48000,33.27000,115.39810,
2016-02-24,1753.50000,97.46000,34.41000,115.39810,
2016-02-25,1747.00000,97.29000,35.29000,115.39810,
2016-02-26,1757.50000,98.15000,35.10000,115.39810,
2016-02-29,1762.00000,98.21000,35.97000,115.39810,
2016-03-01,1783.50000,98.35000,35.96000,115.39810,
2016-03-02,1814.50000,98.21000,36.93000,115.39810,
2016-03-03,1835.50000,97.57000,37.07000,115.39810,
2016-03-04,1846.50000,97.34000,38.72000,115.39810,
2016-03-07,1812.50000,97.07000,40.84000,115.39810,
2016-03-08,1764.50000,97.21000,39.65000,115.39810,
2016-03-09,1801.50000,97.17000,41.07000,115.39810,
2016-03-10,1764.00000,96.07000,40.05000,115.39810,
2016-03-11,1801.50000,96.17000,40.39000,115.39810,
2016-03-14,1784.50000,96.62000,39.53000,115.39810,
2016-03-15,1748.50000,96.63000,38.74000,115.39810,
2016-03-16,1756.50000,95.89000,40.33000,115.39810,
2016-03-17,1817.00000,94.76000,41.54000,115.39810,
2016-03-18,1845.00000,94.99000,41.20000,115.39810,
2016-03-21,1870.00000,95.29000,41.54000,115.39810,
2016-03-22,1866.50000,95.65000,41.79000,115.39810,
2016-03-23,1822.50000,96.05000,40.47000,115.39810,
2016-03-24,1788.00000,96.14000,40.44000,115.39810,
2016-03-25,1788.00000,96.09000,40.39750,115.39810,
2016-03-28,1788.00000,95.94000,40.27000,115.39810,
2016-03-29,1777.50000,95.16000,39.14000,115.39810,
2016-03-30,1808.83333,94.84000,39.26000,115.39810,
2016-03-31,1840.16667,94.59000,39.60000,115.39810,
2016-04-01,1871.50000,94.62000,39.66000,115.39810,
2016-04-04,1857.00000,94.51000,37.69000,110.86490,
2016-04-05,1809.00000,94.63000,37.87000,110.86490,
2016-04-06,1800.00000,94.43000,39.84000,110.86490,
2016-04-07,1749.00000,94.48000,39.43000,110.86490,
2016-04-08,1753.50000,94.24000,41.94000,110.86490,
2016-04-11,1754.50000,93.95000,42.83000,110.86490,
2016-04-12,1828.00000,93.96000,44.69000,110.86490,
2016-04-13,1879.00000,94.74000,44.18000,110.86490,
2016-04-14,1854.00000,94.90000,43.84000,110.86490,
2016-04-15,1873.50000,94.70000,43.10000,110.86490,
2016-04-18,1873.50000,94.49000,42.91000,110.86490,
2016-04-19,1931.00000,93.98000,44.03000,110.86490,
2016-04-20,1931.00000,94.49000,45.80000,110.86490,
2016-04-21,1931.00000,94.60000,44.53000,110.86490,
2016-04-22,1912.00000,95.12000,45.11000,110.86490,
2016-04-25,1879.00000,94.84000,44.48000,110.86490,
2016-04-26,1895.00000,94.57000,45.74000,110.86490,
2016-04-27,1885.50000,94.39000,47.18000,110.86490,
2016-04-28,1913.75000,93.76000,48.14000,110.86490,
2016-04-29,1942.00000,93.08000,48.13000,110.86490,
2016-05-02,1942.00000,92.63000,48.10000,110.86490,
2016-05-03,1903.50000,92.94000,46.75000,110.86490,
2016-05-04,1887.50000,93.18000,44.62000,110.86490,
2016-05-05,1866.50000,93.78000,45.01000,110.86490,
2016-05-06,1879.00000,93.89000,45.37000,110.86490,
2016-05-09,1835.00000,94.15000,43.63000,110.86490,
2016-05-10,1850.50000,94.29000,45.52000,110.86490,
2016-05-11,1902.50000,93.82000,47.60000,110.86490,
2016-05-12,1867.50000,94.14000,48.08000,110.86490,
2016-05-13,1888.50000,94.61000,47.83000,110.86490,
2016-05-16,1898.00000,94.57000,48.97000,110.86490,
2016-05-17,1905.50000,94.55000,49.28000,110.86490,
2016-05-18,1904.50000,95.08000,48.93000,110.86490,
2016-05-19,1879.50000,95.29000,48.81000,110.86490,
2016-05-20,1885.00000,95.31000,48.72000,110.86490,
2016-05-23,1849.50000,95.23000,48.35000,110.86490,
2016-05-24,1841.50000,95.57000,48.61000,110.86490,
2016-05-25,1852.50000,95.35000,49.74000,110.86490,
2016-05-26,1879.00000,95.17000,49.59000,110.86490,
2016-05-27,1902.00000,95.52000,49.32000,110.86490,
2016-05-30,1921.12500,95.79750,49.59750,110.86490,
2016-05-31,1927.50000,95.89000,49.69000,110.86490,
2016-06-01,1974.00000,95.46000,49.71000,110.86490,
2016-06-02,1982.00000,95.56000,50.04000,110.86490,
2016-06-03,1998.00000,94.03000,49.64000,110.86490,
2016-06-06,2033.00000,93.90000,50.55000,110.86490,
2016-06-07,2003.00000,93.83000,51.44000,110.86490,
2016-06-08,2068.00000,93.59000,52.51000,110.86490,
2016-06-09,2070.00000,94.10000,51.95000,110.86490,
2016-06-10,2085.50000,94.60000,50.54000,110.86490,
2016-06-13,2080.50000,94.37000,50.35000,110.86490,
2016-06-14,2029.00000,94.93000,49.83000,110.86490,
2016-06-15,2044.50000,94.61000,48.97000,110.86490,
2016-06-16,1993.50000,94.57000,47.19000,110.86490,
2016-06-17,1987.00000,94.21000,49.17000,110.86490,
2016-06-20,2015.50000,93.61000,50.65000,110.86490,
2016-06-21,2015.50000,94.02000,50.62000,110.86490,
2016-06-22,2046.00000,93.72000,49.88000,110.86490,
2016-06-23,2044.00000,93.53000,50.91000,110.86490,
2016-06-24,2023.50000,95.45000,48.41000,110.86490,
2016-06-27,1998.00000,96.54000,47.16000,110.86490,
2016-06-28,2045.00000,96.25000,48.58000,110.86490,
2016-06-29,2083.00000,95.77000,50.61000,110.86490,
2016-06-30,2121.00000,96.14000,49.68000,110.86490,
2016-07-01,2159.00000,95.65000,49.84000,110.86490,
2016-07-04,2123.37500,96.04000,48.43000,92.34680,
2016-07-05,2111.50000,96.17000,47.96000,92.34680,
2016-07-06,2109.00000,96.06000,48.80000,92.34680,
2016-07-07,2103.50000,96.33000,46.40000,92.34680,
2016-07-08,2142.50000,96.30000,46.76000,92.34680,
2016-07-11,2152.00000,96.57000,46.25000,92.34680,
2016-07-12,2197.00000,96.44000,48.47000,92.34680,
2016-07-13,2180.00000,96.22000,46.26000,92.34680,
2016-07-14,2195.50000,96.08000,47.37000,92.34680,
2016-07-15,2203.50000,96.58000,47.61000,92.34680,
2016-07-18,2219.00000,96.56000,46.96000,92.34680,
2016-07-19,2244.50000,97.05000,46.66000,92.34680,
2016-07-20,2241.50000,97.20000,47.17000,92.34680,
2016-07-21,2264.00000,97.00000,46.20000,92.34680,
2016-07-22,2264.00000,97.47000,45.69000,92.34680,
2016-07-25,2259.50000,97.29000,44.72000,92.34680,
2016-07-26,2235.50000,97.16000,44.87000,92.34680,
2016-07-27,2181.00000,97.05000,43.47000,92.34680,
2016-07-28,2214.50000,96.74000,42.70000,92.34680,
2016-07-29,2248.00000,95.53000,42.46000,92.34680,
2016-08-01,2275.00000,95.71000,42.45000,92.34680,
2016-08-02,2287.50000,95.06000,41.80000,92.34680,
2016-08-03,2285.00000,95.56000,43.10000,92.34680,
2016-08-04,2266.00000,95.76000,44.29000,92.34680,
2016-08-05,2273.00000,96.19000,44.27000,92.34680,
2016-08-08,2289.00000,96.40000,45.39000,92.34680,
2016-08-09,2278.00000,96.18000,44.98000,92.34680,
2016-08-10,2289.00000,95.65000,44.05000,92.34680,
2016-08-11,2275.00000,95.86000,46.04000,92.34680,
2016-08-12,2245.00000,95.72000,46.97000,92.34680,
2016-08-15,2262.00000,95.63000,48.35000,92.34680,
2016-08-16,2265.50000,94.79000,49.23000,92.34680,
2016-08-17,2271.00000,94.72000,49.85000,92.34680,
2016-08-18,2302.50000,94.16000,50.89000,92.34680,
2016-08-19,2292.50000,94.51000,50.88000,92.34680,
2016-08-22,2286.00000,94.52000,49.16000,92.34680,
2016-08-23,2302.50000,94.54000,49.96000,92.34680,
2016-08-24,2277.00000,94.79000,49.05000,92.34680,
2016-08-25,2299.00000,94.77000,49.67000,92.34680,
2016-08-26,2324.00000,95.57000,49.92000,92.34680,
2016-08-29,2324.00000,95.58000,49.26000,92.34680,
2016-08-30,2319.00000,96.05000,48.37000,92.34680,
2016-08-31,2333.50000,96.02000,47.04000,92.34680,
2016-09-01,2343.00000,95.65000,47.05000,92.34680,
2016-09-02,2367.00000,95.88000,46.83000,92.34680,
2016-09-05,2338.50000,95.08500,47.15250,92.34680,
2016-09-06,2329.00000,94.82000,47.26000,92.34680,
2016-09-07,2338.00000,94.96000,47.98000,92.34680,
2016-09-08,2334.00000,95.03000,49.99000,92.34680,
2016-09-09,2308.50000,95.34000,48.01000,92.34680,
2016-09-12,2280.50000,95.10000,48.32000,92.34680,
2016-09-13,2249.50000,95.63000,47.10000,92.34680,
2016-09-14,2299.00000,95.33000,45.85000,92.34680,
2016-09-15,2251.50000,95.29000,46.59000,92.34680,
2016-09-16,2228.50000,96.11000,45.77000,92.34680,
2016-09-19,2268.00000,95.84000,45.95000,92.34680,
2016-09-20,2316.50000,96.02000,45.88000,92.34680,
2016-09-21,2283.00000,95.66000,46.83000,92.34680,
2016-09-22,2312.00000,95.45000,47.65000,92.34680,
2016-09-23,2289.50000,95.48000,45.89000,92.34680,
2016-09-26,2298.50000,95.31000,47.35000,92.34680,
2016-09-27,2334.50000,95.44000,45.97000,92.34680,
2016-09-28,2344.50000,95.43000,48.69000,92.34680,
2016-09-29,2369.00000,95.54000,49.24000,92.34680,
2016-09-30,2393.50000,95.46000,49.06000,92.34680,
2016-10-03,2418.50000,95.75000,49.10000,92.34680,
2016-10-04,2395.00000,96.12000,50.87000,92.34680,
2016-10-05,2366.50000,96.13000,51.86000,92.34680,
2016-10-06,2336.00000,96.66000,52.51000,92.34680,
2016-10-07,2349.50000,96.52000,51.93000,92.34680,
2016-10-10,2287.25000,97.40500,52.29000,92.34680,
2016-10-11,2266.50000,97.70000,52.41000,92.34680,
2016-10-12,2273.00000,97.97000,51.81000,92.34680,
2016-10-13,2251.50000,97.52000,52.03000,92.34680,
2016-10-14,2251.50000,98.02000,51.95000,92.34680,
2016-10-17,2282.50000,97.89000,51.52000,92.34680,
2016-10-18,2302.50000,97.90000,51.68000,92.34680,
2016-10-19,2321.00000,97.87000,52.67000,92.34680,
2016-10-20,2303.50000,98.32000,51.38000,92.34680,
2016-10-21,2279.50000,98.70000,51.78000,92.34680,
2016-10-24,2325.50000,98.67000,51.46000,92.34680,
2016-10-25,2379.00000,98.72000,50.79000,92.34680,
2016-10-26,2379.00000,98.63000,49.98000,92.34680,
2016-10-27,2372.50000,98.89000,50.47000,92.34680,
2016-10-28,2414.00000,98.35000,49.71000,92.34680,
2016-10-31,2493.00000,98.45000,48.30000,92.34680,
2016-11-01,2473.50000,97.70000,48.33000,92.34680,
2016-11-02,2473.50000,97.40000,46.86000,92.34680,
2016-11-03,2506.50000,97.16000,46.35000,92.34680,
2016-11-04,2506.50000,97.07000,45.58000,92.34680,
2016-11-07,2486.50000,97.78000,46.15000,92.34680,
2016-11-08,2507.50000,97.86000,46.04000,92.34680,
2016-11-09,2509.50000,98.50000,46.36000,92.34680,
2016-11-10,2550.50000,98.79000,45.84000,92.34680,
2016-11-11,2566.87500,99.12000,45.48750,92.34680,
2016-11-14,2616.00000,100.11000,44.43000,92.34680,
2016-11-15,2626.50000,100.19000,46.95000,92.34680,
2016-11-16,2552.50000,100.41000,46.63000,92.34680,
2016-11-17,2554.50000,100.89000,46.49000,92.34680,
2016-11-18,2561.50000,101.21000,46.86000,92.34680,
2016-11-21,2598.50000,101.05000,48.90000,92.34680,
2016-11-22,2610.50000,101.04000,49.12000,92.34680,
2016-11-23,2686.50000,101.70000,48.95000,92.34680,
2016-11-24,2750.50000,101.59500,48.09500,92.34680,
2016-11-25,2814.50000,101.49000,47.24000,92.34680,
2016-11-28,2920.00000,101.33000,48.24000,92.34680,
2016-11-29,2737.00000,100.93000,46.38000,92.34680,
2016-11-30,2717.00000,101.50000,50.47000,92.34680,
2016-12-01,2742.00000,101.04000,50.46000,92.34680,
2016-12-02,2690.50000,100.77000,54.46000,92.34680,
2016-12-05,2774.50000,100.14000,54.94000,92.34680,
2016-12-06,2807.00000,100.49000,53.93000,92.34680,
2016-12-07,2737.00000,100.23000,53.00000,92.34680,
2016-12-08,2699.50000,101.07000,53.89000,92.34680,
2016-12-09,2710.00000,101.57000,54.33000,92.34680,
2016-12-12,2725.50000,100.96000,55.69000,92.34680,
2016-12-13,2707.50000,101.03000,55.72000,92.34680,
2016-12-14,2799.00000,102.00000,53.90000,92.34680,
2016-12-15,2814.00000,103.13000,54.02000,92.34680,
2016-12-16,2728.00000,102.95000,55.21000,92.34680,
2016-12-19,2728.00000,103.14000,54.92000,92.34680,
2016-12-20,2632.00000,103.29000,55.35000,92.34680,
2016-12-21,2611.50000,103.02000,54.46000,92.34680,
2016-12-22,2629.50000,103.09000,55.05000,92.34680,
2016-12-23,2629.50000,103.01000,55.16000,92.34680,
2016-12-26,2629.50000,103.01750,55.85750,92.34680,
2016-12-27,2629.50000,103.02000,56.09000,92.34680,
2016-12-28,2572.50000,103.26000,56.22000,92.34680,
2016-12-29,2578.00000,102.68000,56.14000,92.34680,
2016-12-30,2583.50000,102.39000,56.13000,92.34680,
2017-01-02,2579.75000,103.00500,55.63500,92.34680,
2017-01-03,2578.50000,103.21000,55.47000,92.34680,
2017-01-04,2618.00000,102.70000,56.46000,92.34680,
2017-01-05,2618.50000,101.52000,56.89000,92.34680,
2017-01-06,2622.50000,102.22000,57.10000,92.34680,
2017-01-09,2674.00000,101.93000,54.94000,92.34680,
2017-01-10,2729.50000,102.01000,53.64000,92.34680,
2017-01-11,2701.00000,101.78000,55.10000,92.34680,
2017-01-12,2739.00000,101.35000,56.01000,92.34680,
2017-01-13,2787.00000,101.18000,55.45000,92.34680,
2017-01-16,2743.50000,100.54250,55.46500,92.34680,
2017-01-17,2729.00000,100.33000,55.47000,92.34680,
2017-01-18,2777.00000,100.93000,53.92000,92.34680,
2017-01-19,2770.50000,101.15000,54.16000,92.34680,
2017-01-20,2769.00000,100.74000,55.49000,92.34680,
2017-01-23,2798.50000,100.16000,55.23000,92.34680,
2017-01-24,2830.00000,100.35000,55.44000,92.34680,
2017-01-25,2804.00000,100.03000,55.08000,92.34680,
2017-01-26,2776.00000,100.38000,56.24000,92.34680,
2017-01-27,2778.00000,100.53000,55.52000,92.34680,
2017-01-30,2792.00000,100.43000,55.23000,92.34680,
2017-01-31,2792.00000,99.51000,55.70000,92.34680,
2017-02-01,2882.00000,99.64000,55.66000,92.34680,
2017-02-02,2880.50000,99.85000,56.56000,92.34680,
2017-02-03,2880.50000,99.87000,56.81000,92.34680,
2017-02-06,2805.50000,99.91000,55.72000,92.34680,
2017-02-07,2810.50000,100.26000,55.05000,92.34680,
2017-02-08,2860.00000,100.28000,55.12000,92.34680,
2017-02-09,2847.50000,100.65000,55.63000,92.34680,
2017-02-10,2918.50000,100.80000,56.70000,92.34680,
2017-02-13,2930.00000,100.96000,55.59000,92.34680,
2017-02-14,2908.50000,101.25000,55.97000,92.34680,
2017-02-15,2899.00000,101.18000,55.75000,92.34680,
2017-02-16,2886.50000,100.44000,55.65000,92.34680,
2017-02-17,2843.50000,100.95000,55.81000,92.34680,
2017-02-20,2825.12500,101.26500,56.44750,92.34680,
2017-02-21,2819.00000,101.37000,56.66000,92.34680,
2017-02-22,2834.50000,101.33000,55.84000,92.34680,
2017-02-23,2747.50000,101.05000,56.58000,92.34680,
2017-02-24,2859.00000,101.09000,55.99000,92.34680,
2017-02-27,2844.00000,101.13000,55.93000,92.34680,
2017-02-28,2864.00000,101.12000,55.59000,92.34680,
2017-03-01,2864.00000,101.78000,55.60000,92.34680,
2017-03-02,2864.00000,102.20000,55.08000,92.34680,
2017-03-03,2864.00000,101.54000,55.90000,92.34680,
2017-03-06,2864.00000,101.64000,56.01000,92.34680,
2017-03-07,2864.00000,101.81000,55.92000,92.34680,
2017-03-08,2864.00000,102.07000,53.11000,92.34680,
2017-03-09,2710.00000,101.85000,52.19000,92.34680,
2017-03-10,2730.00000,101.25000,51.37000,92.34680,
2017-03-13,2785.00000,101.38000,51.35000,92.34680,
2017-03-14,2792.00000,101.70000,50.92000,92.34680,
2017-03-15,2813.50000,100.74000,51.81000,92.34680,
2017-03-16,2871.50000,100.27000,51.74000,92.34680,
2017-03-17,2916.00000,100.30000,51.76000,92.34680,
2017-03-20,2891.50000,100.41000,51.62000,92.34680,
2017-03-21,2860.00000,99.81000,50.96000,92.34680,
2017-03-22,2878.50000,99.68000,50.64000,92.34680,
2017-03-23,2840.00000,99.76000,50.56000,92.34680,
2017-03-24,2848.00000,99.63000,50.80000,92.34680,
2017-03-27,2848.00000,99.17000,50.75000,92.34680,
2017-03-28,2848.00000,99.71000,51.33000,92.34680,
2017-03-29,2898.00000,100.00000,52.42000,92.34680,
2017-03-30,2900.00000,100.41000,52.96000,92.34680,
2017-03-31,2827.00000,100.35000,52.83000,92.34680,
2017-04-03,2784.00000,100.54000,53.12000,92.34680,
2017-04-04,2784.00000,100.54000,54.17000,92.34680,
2017-04-05,2784.00000,100.56000,54.36000,92.34680,
2017-04-06,2784.00000,100.67000,54.89000,92.34680,
2017-04-07,2784.00000,101.18000,55.24000,92.34680,
2017-04-10,2784.00000,101.02000,55.98000,92.34680,
2017-04-11,2829.00000,100.71000,56.23000,92.34680,
2017-04-12,2829.00000,100.78000,55.86000,92.34680,
2017-04-13,2829.00000,100.56000,55.89000,92.34680,
2017-04-14,2829.00000,100.49500,55.75750,92.34680,
2017-04-17,2829.00000,100.30000,55.36000,92.34680,
2017-04-18,2829.00000,99.50000,54.89000,92.34680,
2017-04-19,2829.00000,99.74000,52.93000,92.34680,
2017-04-20,2829.00000,99.78000,52.99000,92.34680,
2017-04-21,2829.00000,99.98000,51.96000,92.34680,
2017-04-24,2598.00000,99.09000,51.60000,92.34680,
2017-04-25,2603.50000,98.82000,52.10000,92.34680,
2017-04-26,2628.00000,98.96000,51.82000,92.34680,
2017-04-27,2605.50000,99.08000,51.44000,92.34680,
2017-04-28,2632.50000,99.05000,51.73000,92.34680,
2017-05-01,2632.50000,99.14000,51.52000,92.34680,
2017-05-02,2655.00000,98.98000,50.46000,92.34680,
2017-05-03,2581.00000,99.21000,50.79000,92.34680,
2017-05-04,2570.00000,98.76000,48.38000,92.34680,
2017-05-05,2588.00000,98.65000,49.10000,92.34680,
2017-05-08,2586.50000,99.15000,49.34000,92.34680,
2017-05-09,2611.50000,99.59000,48.73000,92.34680,
2017-05-10,2602.00000,99.67000,50.22000,92.34680,
2017-05-11,2602.00000,99.62000,50.77000,92.34680,
2017-05-12,2555.50000,99.25000,50.84000,92.34680,
2017-05-15,2570.00000,98.91000,51.82000,92.34680,
2017-05-16,2549.00000,98.11000,51.65000,92.34680,
2017-05-17,2554.50000,97.42000,52.21000,92.34680,
2017-05-18,2525.00000,97.88000,52.51000,92.34680,
2017-05-19,2618.00000,97.15000,53.61000,92.34680,
2017-05-22,2623.00000,96.98000,53.87000,92.34680,
2017-05-23,2645.50000,97.35000,54.15000,92.34680,
2017-05-24,2627.00000,97.24000,53.96000,92.34680,
2017-05-25,2625.50000,97.25000,51.46000,92.34680,
2017-05-26,2634.50000,97.40000,52.15000,92.34680,
2017-05-29,2625.50000,97.31000,51.91750,92.34680,
2017-05-30,2622.50000,97.28000,51.84000,92.34680,
2017-05-31,2622.50000,96.92000,50.31000,92.34680,
2017-06-01,2561.50000,97.20000,50.33000,92.34680,
2017-06-02,2529.50000,96.72000,49.95000,92.34680,
2017-06-05,2478.00000,96.80000,49.47000,92.34680,
2017-06-06,2478.00000,96.64000,50.12000,92.34680,
2017-06-07,2432.50000,96.75000,48.06000,92.34680,
2017-06-08,2463.00000,96.92000,47.86000,92.34680,
2017-06-09,2529.50000,97.27000,48.15000,92.34680,
2017-06-12,2484.50000,97.14000,48.29000,92.34680,
2017-06-13,2463.50000,96.98000,48.72000,92.34680,
2017-06-14,2490.50000,96.94000,47.00000,92.34680,
2017-06-15,2499.50000,97.43000,46.92000,92.34680,
2017-06-16,2517.50000,97.16000,47.37000,92.34680,
2017-06-19,2551.00000,97.53000,46.91000,92.34680,
2017-06-20,2542.00000,97.75000,46.02000,92.34680,
2017-06-21,2631.50000,97.56000,44.82000,92.34680,
2017-06-22,2685.00000,97.54000,45.22000,92.34680,
2017-06-23,2704.50000,97.30000,45.54000,92.34680,
2017-06-26,2719.50000,97.43000,45.83000,92.34680,
2017-06-27,2719.50000,96.47000,46.65000,92.34680,
2017-06-28,2733.50000,96.05000,47.31000,92.34680,
2017-06-29,2771.50000,95.63000,47.42000,92.34680,
2017-06-30,2771.50000,95.66000,47.92000,92.34680,
2017-07-03,2809.00000,96.20000,49.68000,92.34680,
2017-07-04,2796.25000,96.24500,48.73500,92.34680,
2017-07-05,2783.50000,96.29000,47.79000,92.34680,
2017-07-06,2795.00000,95.82000,48.11000,92.34680,
2017-07-07,2797.50000,96.01000,46.71000,92.34680,
2017-07-10,2786.50000,96.05000,46.88000,92.34680,
2017-07-11,2821.00000,95.74000,47.52000,92.34680,
2017-07-12,2843.00000,95.79000,47.74000,92.34680,
2017-07-13,2810.00000,95.73000,48.42000,92.34680,
2017-07-14,2799.50000,95.11000,48.91000,92.34680,
2017-07-17,2825.50000,95.13000,48.42000,92.34680,
2017-07-18,2798.00000,94.66000,48.84000,92.34680,
2017-07-19,2743.00000,94.80000,49.70000,92.34680,
2017-07-20,2724.00000,94.27000,49.30000,92.34680,
2017-07-21,2747.50000,93.94000,48.06000,92.34680,
2017-07-24,2781.50000,93.98000,48.60000,92.34680,
2017-07-25,2843.00000,94.05000,50.20000,92.34680,
2017-07-26,2803.00000,93.67000,50.97000,92.34680,
2017-07-27,2786.50000,93.86000,51.49000,92.34680,
2017-07-28,2777.00000,93.26000,52.52000,92.34680,
2017-07-31,2793.00000,92.86000,52.65000,92.34680,
2017-08-01,2765.50000,93.03000,52.63000,92.34680,
2017-08-02,2765.50000,92.83000,52.36000,92.34680,
2017-08-03,2788.00000,92.81000,52.01000,92.34680,
2017-08-04,2799.50000,93.54000,52.42000,92.34680,
2017-08-07,2861.00000,93.43000,52.37000,92.34680,
2017-08-08,2909.00000,93.64000,52.14000,92.34680,
2017-08-09,2929.00000,93.52000,52.70000,92.34680,
2017-08-10,2931.50000,93.40000,51.90000,92.34680,
2017-08-11,2891.50000,93.07000,52.10000,92.34680,
2017-08-14,2902.00000,93.46000,50.73000,92.34680,
2017-08-15,2948.00000,93.85000,50.80000,92.34680,
2017-08-16,3102.50000,93.49000,50.27000,92.34680,
2017-08-17,3052.50000,93.62000,51.03000,92.34680,
2017-08-18,3112.50000,93.43000,52.72000,92.34680,
2017-08-21,3112.50000,93.10000,51.66000,92.34680,
2017-08-22,3112.50000,93.55000,51.87000,92.34680,
2017-08-23,3093.50000,93.15000,52.57000,92.34680,
2017-08-24,3098.50000,93.28000,52.04000,92.34680,
2017-08-25,3051.50000,92.74000,52.41000,92.34680,
2017-08-28,3051.50000,92.21000,51.89000,92.34680,
2017-08-29,3095.00000,92.35000,52.00000,92.34680,
2017-08-30,3097.50000,92.88000,50.86000,92.34680,
2017-08-31,3097.50000,92.67000,52.38000,92.34680,
2017-09-01,3177.50000,92.81000,52.32000,92.34680,
2017-09-04,3147.87500,92.43500,53.11500,92.34680,
2017-09-05,3138.00000,92.31000,53.38000,92.34680,
2017-09-06,3100.00000,92.29000,54.20000,92.34680,
2017-09-07,3122.00000,91.53000,54.49000,92.34680,
2017-09-08,3122.00000,91.33000,53.78000,92.34680,
2017-09-11,3081.50000,91.86000,53.84000,92.34680,
2017-09-12,3056.00000,91.91000,54.27000,92.34680,
2017-09-13,3020.00000,92.52000,55.16000,92.34680,
2017-09-14,2998.00000,92.12000,55.47000,92.34680,
2017-09-15,2998.00000,91.87000,55.62000,92.34680,
2017-09-18,3091.50000,92.05000,55.48000,92.34680,
2017-09-19,3098.50000,91.79000,55.14000,92.34680,
2017-09-20,3121.50000,92.51000,56.29000,92.34680,
2017-09-21,3079.00000,92.26000,56.43000,92.34680,
2017-09-22,3024.50000,92.17000,56.86000,92.34680,
2017-09-25,3090.50000,92.65000,59.02000,92.34680,
2017-09-26,3113.50000,92.97000,58.44000,92.34680,
2017-09-27,3102.50000,93.36000,57.90000,92.34680,
2017-09-28,3111.00000,93.09000,57.41000,92.34680,
2017-09-29,3154.50000,93.08000,57.54000,92.34680,
2017-10-02,3243.50000,93.56000,56.12000,92.34680,
2017-10-03,3243.50000,93.57000,56.00000,92.34680,
2017-10-04,3287.50000,93.46000,55.80000,92.34680,
2017-10-05,3298.00000,93.96000,57.00000,92.34680,
2017-10-06,3245.00000,93.80000,55.62000,92.34680,
2017-10-09,3245.00000,93.74000,55.79000,92.34680,
2017-10-10,3282.50000,93.29000,56.61000,92.34680,
2017-10-11,3222.50000,92.96000,56.94000,92.34680,
2017-10-12,3254.00000,93.12000,56.25000,92.34680,
2017-10-13,3237.50000,93.09000,57.17000,92.34680,
2017-10-16,3200.00000,93.28000,57.82000,92.34680,
2017-10-17,3200.00000,93.49000,57.88000,92.34680,
2017-10-18,3115.00000,93.36000,58.15000,92.34680,
2017-10-19,3119.00000,93.27000,57.23000,92.34680,
2017-10-20,3104.00000,93.70000,57.75000,92.34680,
2017-10-23,3137.50000,93.94000,57.37000,92.34680,
2017-10-24,3173.50000,93.96000,58.33000,92.34680,
2017-10-25,3203.00000,93.71000,58.44000,92.34680,
2017-10-26,3228.50000,94.61000,59.30000,92.34680,
2017-10-27,3174.00000,94.92000,60.44000,92.34680,
2017-10-30,3200.50000,94.49000,60.90000,92.34680,
2017-10-31,3254.50000,94.55000,61.37000,92.34680,
2017-11-01,3266.50000,94.82000,61.29000,92.34680,
2017-11-02,3238.50000,94.69000,60.62000,92.34680,
2017-11-03,3221.00000,94.94000,62.07000,92.34680,
2017-11-06,3243.00000,94.72000,64.27000,92.34680,
2017-11-07,3243.00000,94.91000,63.69000,92.34680,
2017-11-08,3203.00000,94.87000,63.49000,92.34680,
2017-11-09,3187.50000,94.44000,63.93000,92.34680,
2017-11-10,3227.50000,94.39000,63.52000,92.34680,
2017-11-13,3227.50000,94.49000,63.16000,92.34680,
2017-11-14,3154.00000,93.83000,62.21000,92.34680,
2017-11-15,3155.00000,93.81000,61.87000,92.34680,
2017-11-16,3155.00000,93.93000,61.36000,92.34680,
2017-11-17,3184.50000,93.66000,62.72000,92.34680,
2017-11-20,3167.00000,94.08000,62.22000,92.34680,
2017-11-21,3215.50000,93.95000,62.57000,92.34680,
2017-11-22,3234.50000,93.22000,63.32000,92.34680,
2017-11-23,3236.75000,92.99000,63.59000,92.34680,
2017-11-24,3239.00000,92.76000,63.86000,92.34680,
2017-11-27,3239.00000,92.90000,63.84000,92.34680,
2017-11-28,3169.00000,93.26000,63.61000,92.34680,
2017-11-29,3161.00000,93.26000,63.11000,92.34680,
2017-11-30,3161.00000,93.01000,63.57000,92.34680,
2017-12-01,3161.00000,92.90000,63.49000,92.34680,
2017-12-04,3181.00000,93.19000,62.45000,92.34680,
2017-12-05,3112.00000,93.38000,62.86000,92.34680,
2017-12-06,3090.00000,93.61000,61.22000,92.34680,
2017-12-07,3090.00000,93.80000,62.20000,92.34680,
2017-12-08,3088.50000,93.90000,63.40000,92.34680,
2017-12-11,3130.00000,93.87000,64.69000,92.34680,
2017-12-12,3154.00000,94.10000,63.34000,92.34680,
2017-12-13,3155.00000,93.43000,62.44000,92.34680,
2017-12-14,3188.00000,93.49000,63.31000,92.34680,
2017-12-15,3212.50000,93.93000,63.23000,92.34680,
2017-12-18,3198.00000,93.70000,63.41000,92.34680,
2017-12-19,3203.50000,93.47000,63.80000,92.34680,
2017-12-20,3221.00000,93.35000,64.56000,92.34680,
2017-12-21,3243.00000,93.28000,64.90000,92.34680,
2017-12-22,3254.50000,93.35000,65.25000,92.34680,
2017-12-25,3254.50000,93.28250,66.57750,92.34680,
2017-12-26,3254.50000,93.26000,67.02000,92.34680,
2017-12-27,3254.50000,93.03000,66.44000,92.34680,
2017-12-28,3254.50000,92.60000,66.72000,92.34680,
2017-12-29,3254.50000,92.12000,66.60000,92.34680,
2018-01-01,3323.12500,91.91750,66.57750,92.34680,
2018-01-02,3346.00000,91.85000,66.57000,99.34160,
2018-01-03,3332.50000,92.16000,67.84000,99.34160,
2018-01-04,3362.50000,91.85000,68.07000,99.34160,
2018-01-05,3362.50000,91.95000,67.62000,99.34160,
2018-01-08,3377.00000,92.33000,67.78000,99.34160,
2018-01-09,3352.50000,92.53000,68.82000,99.34160,
2018-01-10,3355.50000,92.33000,69.20000,99.34160,
2018-01-11,3395.50000,91.85000,69.26000,99.34160,
2018-01-12,3396.00000,90.97000,69.87000,99.34160,
2018-01-15,3396.00000,90.53500,69.33000,99.34160,
2018-01-16,3396.00000,90.39000,69.15000,99.34160,
2018-01-17,3396.00000,90.54000,69.38000,99.34160,
2018-01-18,3396.00000,90.50000,69.31000,99.34160,
2018-01-19,3396.00000,90.57000,68.61000,99.34160,
2018-01-22,3396.00000,90.40000,69.03000,99.34160,
2018-01-23,3396.00000,90.12000,69.96000,99.34160,
2018-01-24,3396.00000,89.21000,70.53000,99.34160,
2018-01-25,3396.00000,89.39000,70.42000,99.34160,
2018-01-26,3384.50000,89.07000,70.52000,99.34160,
2018-01-29,3500.00000,89.31000,69.46000,99.34160,
2018-01-30,3500.00000,89.19000,69.02000,99.34160,
2018-01-31,3500.00000,89.13000,69.05000,99.34160,
2018-02-01,3547.50000,88.67000,69.08000,99.34160,
2018-02-02,3520.00000,89.20000,68.58000,99.34160,
2018-02-05,3520.00000,89.55000,67.62000,99.34160,
2018-02-06,3503.50000,89.59000,66.86000,99.34160,
2018-02-07,3426.00000,90.26000,65.51000,99.34160,
2018-02-08,3426.00000,90.23000,64.81000,99.34160,
2018-02-09,3419.00000,90.44000,62.79000,99.34160,
2018-02-12,3419.00000,90.21000,62.59000,99.34160,
2018-02-13,3419.00000,89.70000,62.72000,99.34160,
2018-02-14,3419.00000,89.12000,64.36000,99.34160,
2018-02-15,3419.00000,88.59000,64.33000,99.34160,
2018-02-16,3419.00000,89.10000,64.84000,99.34160,
2018-02-19,3419.00000,89.56500,65.14750,99.34160,
2018-02-20,3419.00000,89.72000,65.25000,99.34160,
2018-02-21,3419.00000,90.08000,65.42000,99.34160,
2018-02-22,3419.00000,89.75000,66.39000,99.34160,
2018-02-23,3388.00000,89.88000,67.31000,99.34160,
2018-02-26,3388.00000,89.82000,67.50000,99.34160,
2018-02-27,3388.00000,90.36000,66.63000,99.34160,
2018-02-28,3388.00000,90.61000,65.78000,99.34160,
2018-03-01,3388.00000,90.32000,65.71000,99.34160,
2018-03-02,3388.00000,89.94000,64.37000,99.34160,
2018-03-05,3388.00000,90.08000,65.54000,99.34160,
2018-03-06,3388.00000,89.62000,65.79000,99.34160,
2018-03-07,3388.00000,89.64000,64.34000,99.34160,
2018-03-08,3388.00000,90.12000,63.61000,99.34160,
2018-03-09,3388.00000,90.09000,65.49000,99.34160,
2018-03-12,3388.00000,89.90000,64.95000,99.34160,
2018-03-13,3388.00000,89.66000,64.64000,99.34160,
2018-03-14,3388.00000,89.70000,64.89000,99.34160,
2018-03-15,3388.00000,90.14000,65.12000,99.34160,
2018-03-16,3388.00000,90.23000,66.21000,99.34160,
2018-03-19,3299.00000,89.90000,66.05000,99.34160,
2018-03-20,3299.00000,90.37000,67.42000,99.34160,
2018-03-21,3274.00000,89.78000,69.47000,99.34160,
2018-03-22,3274.00000,89.86000,68.91000,99.34160,
2018-03-23,3274.00000,89.44000,70.45000,99.34160,
2018-03-26,3274.00000,89.03000,70.12000,99.34160,
2018-03-27,3274.00000,89.37000,70.11000,99.34160,
2018-03-28,3275.00000,90.06000,69.53000,99.34160,
2018-03-29,3281.50000,90.15000,70.27000,99.34160,
2018-03-30,3281.50000,90.12500,69.61250,99.34160,
2018-04-02,3281.50000,90.05000,67.64000,99.34160,
2018-04-03,3283.50000,90.20000,68.12000,99.34160,
2018-04-04,3257.00000,90.14000,68.02000,99.34160,
2018-04-05,3243.00000,90.46000,68.33000,99.34160,
2018-04-06,3245.50000,90.11000,67.11000,99.34160,
2018-04-09,3214.00000,89.84000,68.65000,99.34160,
2018-04-10,3243.00000,89.59000,71.04000,99.34160,
2018-04-11,3243.00000,89.57000,72.06000,99.34160,
2018-04-12,3098.50000,89.75000,72.02000,99.34160,
2018-04-13,3112.50000,89.80000,72.58000,99.34160,
2018-04-16,3112.50000,89.43000,71.42000,99.34160,
2018-04-17,3112.50000,89.52000,71.58000,99.34160,
2018-04-18,3262.50000,89.62000,73.48000,99.34160,
2018-04-19,3262.50000,89.94000,73.78000,99.34160,
2018-04-20,3262.50000,90.32000,74.06000,99.34160,
2018-04-23,3262.50000,90.94000,74.71000,99.34160,
2018-04-24,3235.50000,90.77000,73.86000,99.34160,
2018-04-25,3159.50000,91.17000,74.00000,99.34160,
2018-04-26,3159.50000,91.56000,74.74000,99.34160,
2018-04-27,3133.50000,91.54000,74.64000,99.34160,
2018-04-30,3130.00000,91.84000,75.17000,99.34160,
2018-05-01,3072.50000,92.45000,75.17000,99.34160,
2018-05-02,3060.00000,92.51000,73.36000,99.34160,
2018-05-03,3003.50000,92.41000,73.62000,99.34160,
2018-05-04,3061.00000,92.57000,74.87000,99.34160,
2018-05-07,3061.00000,92.75000,76.17000,99.34160,
2018-05-08,3062.00000,93.12000,74.85000,99.34160,
2018-05-09,3086.50000,93.04000,77.21000,99.34160,
2018-05-10,3089.50000,92.65000,77.47000,99.34160,
2018-05-11,3090.00000,92.54000,77.12000,99.34160,
2018-05-14,3062.50000,92.59000,78.23000,99.34160,
2018-05-15,3055.00000,93.22000,78.43000,99.34160,
2018-05-16,3076.00000,93.39000,79.28000,99.34160,
2018-05-17,3076.00000,93.47000,79.30000,99.34160,
2018-05-18,3076.00000,93.64000,78.51000,99.34160,
2018-05-21,3076.00000,93.68000,79.22000,99.34160,
2018-05-22,3058.00000,93.61000,79.57000,99.34160,
2018-05-23,3058.00000,94.01000,79.80000,99.34160,
2018-05-24,3050.50000,93.78000,78.79000,99.34160,
2018-05-25,3065.50000,94.19000,76.44000,99.34160,
2018-05-28,3088.75000,94.67000,75.65250,99.34160,
2018-05-29,3096.50000,94.83000,75.39000,99.34160,
2018-05-30,3143.50000,94.15000,77.50000,99.34160,
2018-05-31,3100.00000,93.99000,77.59000,99.34160,
2018-06-01,3102.50000,94.19000,77.59000,99.34160,
2018-06-04,3120.00000,94.02000,75.29000,99.34160,
2018-06-05,3200.00000,93.89000,75.38000,99.34160,
2018-06-06,3198.50000,93.66000,75.36000,99.34160,
2018-06-07,3182.50000,93.40000,77.32000,99.34160,
2018-06-08,3204.00000,93.55000,76.46000,99.34160,
2018-06-11,3207.00000,93.58000,76.46000,99.34160,
2018-06-12,3202.50000,93.80000,75.88000,99.34160,
2018-06-13,3218.50000,93.71000,76.74000,99.34160,
2018-06-14,3200.50000,94.77000,75.94000,99.34160,
2018-06-15,3200.50000,94.79000,73.44000,99.34160,
2018-06-18,3200.50000,94.75000,75.34000,99.34160,
2018-06-19,3200.50000,95.09000,75.08000,99.34160,
2018-06-20,3200.50000,95.06000,74.74000,99.34160,
2018-06-21,3200.50000,94.87000,73.05000,99.34160,
2018-06-22,2979.00000,94.52000,75.55000,99.34160,
2018-06-25,2979.00000,94.28000,74.73000,99.34160,
2018-06-26,2949.50000,94.68000,76.31000,99.34160,
2018-06-27,2993.50000,95.29000,77.62000,99.34160,
2018-06-28,2968.00000,95.39000,77.85000,99.34160,
2018-06-29,2869.00000,94.63000,79.44000,99.34160,
2018-07-02,2835.50000,94.87000,77.30000,99.34160,
2018-07-03,2803.00000,94.59000,77.76000,99.34160,
2018-07-04,2762.00000,94.53000,77.57500,99.34160,
2018-07-05,2721.00000,94.47000,77.39000,99.34160,
2018-07-06,2749.50000,94.04000,77.11000,99.34160,
2018-07-09,2722.00000,94.08000,78.07000,99.34160,
2018-07-10,2639.50000,94.11000,78.86000,99.34160,
2018-07-11,2576.00000,94.72000,73.40000,99.34160,
2018-07-12,2601.00000,94.81000,74.45000,99.34160,
2018-07-13,2601.00000,94.75000,75.33000,99.34160,
2018-07-16,2504.00000,94.51000,71.84000,99.34160,
2018-07-17,2504.00000,94.97000,72.16000,99.34160,
2018-07-18,2588.00000,95.08000,72.90000,99.34160,
2018-07-19,2564.00000,95.17000,72.58000,99.34160,
2018-07-20,2573.50000,94.46000,73.07000,99.34160,
2018-07-23,2573.50000,94.67000,73.06000,99.34160,
2018-07-24,2617.00000,94.61000,73.44000,99.34160,
2018-07-25,2607.00000,94.36000,73.93000,99.34160,
2018-07-26,2600.50000,94.75000,74.54000,99.34160,
2018-07-27,2581.00000,94.68000,74.29000,99.34160,
2018-07-30,2549.00000,94.36000,74.97000,99.34160,
2018-07-31,2624.50000,94.49000,74.25000,99.34160,
2018-08-01,2568.50000,94.62000,74.25000,99.34160,
2018-08-02,2570.50000,95.17000,73.45000,99.34160,
2018-08-03,2617.50000,95.14000,73.21000,99.34160,
2018-08-06,2587.50000,95.36000,73.75000,99.34160,
2018-08-07,2605.00000,95.22000,74.65000,99.34160,
2018-08-08,2605.00000,95.10000,72.28000,99.34160,
2018-08-09,2605.00000,95.50000,72.07000,99.34160,
2018-08-10,2563.50000,96.36000,72.81000,99.34160,
2018-08-13,2563.50000,96.39000,72.61000,99.34160,
2018-08-14,2473.00000,96.73000,72.46000,99.34160,
2018-08-15,2473.00000,96.70000,70.76000,99.34160,
2018-08-16,2473.00000,96.65000,71.43000,99.34160,
2018-08-17,2399.00000,96.10000,71.83000,99.34160,
2018-08-20,2399.00000,95.90000,72.21000,99.34160,
2018-08-21,2450.00000,95.26000,72.63000,99.34160,
2018-08-22,2450.00000,95.15000,74.78000,99.34160,
2018-08-23,2450.00000,95.62000,74.73000,99.34160,
2018-08-24,2450.00000,95.15000,75.82000,99.34160,
2018-08-27,2450.00000,94.78000,76.21000,99.34160,
2018-08-28,2450.00000,94.72000,75.95000,99.34160,
2018-08-29,2450.00000,94.60000,77.14000,99.34160,
2018-08-30,2467.50000,94.72000,77.77000,99.34160,
2018-08-31,2472.00000,95.14000,77.42000,99.34160,
2018-09-03,2442.75000,95.35000,77.98250,99.34160,
2018-09-04,2433.00000,95.42000,78.17000,99.34160,
2018-09-05,2433.00000,95.13000,77.27000,99.34160,
2018-09-06,2447.50000,95.02000,76.50000,99.34160,
2018-09-07,2443.50000,95.37000,76.83000,99.34160,
2018-09-10,2443.50000,95.15000,77.37000,99.34160,
2018-09-11,2343.00000,95.06000,79.06000,99.34160,
2018-09-12,2343.00000,94.80000,79.74000,99.34160,
2018-09-13,2368.00000,94.54000,78.18000,99.34160,
2018-09-14,2368.00000,94.98000,78.09000,99.34160,
2018-09-17,2368.00000,94.51000,78.05000,99.34160,
2018-09-18,2368.00000,94.62000,79.03000,99.34160,
2018-09-19,2368.00000,94.55000,79.40000,99.34160,
2018-09-20,2368.00000,93.91000,78.70000,99.34160,
2018-09-21,2368.00000,94.22000,78.80000,99.34160,
2018-09-24,2368.00000,94.26000,81.20000,99.34160,
2018-09-25,2368.00000,94.13000,81.87000,99.34160,
2018-09-26,2550.00000,94.19000,81.34000,99.34160,
2018-09-27,2528.50000,95.00000,81.72000,99.34160,
2018-09-28,2528.50000,95.19000,82.72000,99.34160,
2018-10-01,2528.50000,95.30000,84.98000,99.34160,
2018-10-02,2528.50000,95.51000,84.80000,97.33020,
2018-10-03,2697.00000,95.76000,86.29000,97.33020,
2018-10-04,2656.50000,95.75000,84.58000,97.33020,
2018-10-05,2656.50000,95.62000,84.16000,97.33020,
2018-10-08,2656.50000,95.77000,83.91000,97.33020,
2018-10-09,2729.50000,95.68000,85.00000,97.33020,
2018-10-10,2729.50000,95.51000,83.09000,97.33020,
2018-10-11,2729.50000,95.02000,80.26000,97.33020,
2018-10-12,2729.50000,95.22000,80.43000,97.33020,
2018-10-15,2642.50000,95.07000,80.78000,97.33020,
2018-10-16,2642.50000,95.05000,81.41000,97.33020,
2018-10-17,2710.00000,95.58000,80.05000,97.33020,
2018-10-18,2723.00000,95.90000,79.29000,97.33020,
2018-10-19,2684.00000,95.71000,79.78000,97.33020,
2018-10-22,2699.00000,96.01000,79.83000,97.33020,
2018-10-23,2699.00000,95.96000,76.44000,97.33020,
2018-10-24,2699.00000,96.43000,76.17000,97.33020,
2018-10-25,2699.00000,96.68000,76.89000,97.33020,
2018-10-26,2697.50000,96.36000,77.62000,97.33020,
2018-10-29,2697.50000,96.58000,77.34000,97.33020,
2018-10-30,2603.00000,97.01000,75.91000,97.33020,
2018-10-31,2603.00000,97.13000,75.47000,97.33020,
2018-11-01,2592.50000,96.28000,75.50000,97.33020,
2018-11-02,2612.50000,96.54000,72.83000,97.33020,
2018-11-05,2572.00000,96.35000,73.17000,97.33020,
2018-11-06,2550.50000,96.32000,72.13000,97.33020,
2018-11-07,2505.00000,96.00000,72.07000,97.33020,
2018-11-08,2558.50000,96.64000,70.65000,97.33020,
2018-11-09,2535.50000,96.91000,70.18000,97.33020,
2018-11-12,2551.50000,97.54000,70.12000,97.33020,
2018-11-13,2545.50000,97.30000,65.47000,97.33020,
2018-11-14,2546.50000,96.80000,66.12000,97.33020,
2018-11-15,2596.00000,96.93000,66.62000,97.33020,
2018-11-16,2653.50000,96.47000,66.76000,97.33020,
2018-11-19,2635.50000,96.19000,66.79000,97.33020,
2018-11-20,2629.50000,96.81000,62.53000,97.33020,
2018-11-21,2607.50000,96.71000,63.48000,97.33020,
2018-11-22,2607.50000,96.81500,61.14000,97.33020,
2018-11-23,2607.50000,96.92000,58.80000,97.33020,
2018-11-26,2535.00000,97.07000,60.48000,97.33020,
2018-11-27,2479.50000,97.37000,60.21000,97.33020,
2018-11-28,2494.00000,96.79000,58.76000,97.33020,
2018-11-29,2491.50000,96.78000,59.51000,97.33020,
2018-11-30,2563.00000,97.27000,58.71000,97.33020,
2018-12-03,2604.50000,97.04000,61.69000,97.33020,
2018-12-04,2622.00000,96.97000,62.08000,97.33020,
2018-12-05,2618.25000,96.89000,61.07000,97.33020,
2018-12-06,2614.50000,96.81000,60.06000,97.33020,
2018-12-07,2613.50000,96.51000,61.67000,97.33020,
2018-12-10,2600.00000,97.22000,59.97000,97.33020,
2018-12-11,2644.00000,97.39000,60.20000,97.33020,
2018-12-12,2614.00000,97.04000,60.15000,97.33020,
2018-12-13,2605.50000,97.06000,61.45000,97.33020,
2018-12-14,2579.50000,97.44000,60.28000,97.33020,
2018-12-17,2572.50000,97.10000,59.61000,97.33020,
2018-12-18,2540.50000,97.14000,56.26000,97.33020,
2018-12-19,2570.00000,97.04000,57.24000,97.33020,
2018-12-20,2570.00000,96.28000,54.35000,97.33020,
2018-12-21,2570.00000,96.96000,53.82000,97.33020,
2018-12-24,2570.00000,96.55000,50.47000,97.33020,
2018-12-25,2570.00000,96.80000,52.47000,97.33020,
2018-12-26,2570.00000,97.05000,54.47000,97.33020,
2018-12-27,2570.00000,96.48000,52.16000,97.33020,
2018-12-28,2552.00000,96.39000,52.20000,97.33020,
2018-12-31,2552.00000,96.17000,53.80000,97.33020,
2019-01-01,2479.75000,96.49500,54.35500,97.33020,
2019-01-02,2407.50000,96.82000,54.91000,100.95010,
2019-01-03,2377.50000,96.31000,55.95000,100.95010,
2019-01-04,2440.00000,96.19000,57.06000,100.95010,
2019-01-07,2492.00000,95.71000,57.33000,100.95010,
2019-01-08,2483.00000,95.90000,58.72000,100.95010,
2019-01-09,2486.50000,95.22000,61.44000,100.95010,
2019-01-10,2460.00000,95.54000,61.68000,100.95010,
2019-01-11,2491.00000,95.67000,60.48000,100.95010,
2019-01-14,2484.00000,95.59000,58.99000,100.95010,
2019-01-15,2472.00000,95.97000,60.64000,100.95010,
2019-01-16,2497.50000,96.06000,61.32000,100.95010,
2019-01-17,2497.50000,96.07000,61.18000,100.95010,
2019-01-18,2497.50000,96.34000,62.70000,100.95010,
2019-01-21,2497.50000,96.31000,61.80000,100.95010,
2019-01-22,2497.50000,96.30000,61.50000,100.95010,
2019-01-23,2497.50000,96.12000,61.14000,100.95010,
2019-01-24,2497.50000,96.60000,61.09000,100.95010,
2019-01-25,2672.00000,95.79000,61.64000,100.95010,
2019-01-28,2672.00000,95.75000,59.93000,100.95010,
2019-01-29,2672.00000,95.82000,61.32000,100.95010,
2019-01-30,2669.00000,95.34000,61.65000,100.95010,
2019-01-31,2669.00000,95.58000,61.89000,100.95010,
2019-02-01,2758.00000,95.58000,61.87000,100.95010,
2019-02-04,2792.00000,95.85000,62.51000,100.95010,
2019-02-05,2743.00000,96.10000,61.98000,100.95010,
2019-02-06,2704.00000,96.42000,62.69000,100.95010,
2019-02-07,2720.00000,96.51000,61.63000,100.95010,
2019-02-08,2692.00000,96.64000,62.10000,100.95010,
2019-02-11,2638.50000,97.06000,61.51000,100.95010,
2019-02-12,2602.00000,96.71000,62.42000,100.95010,
2019-02-13,2598.00000,97.13000,63.61000,100.95010,
2019-02-14,2603.50000,96.98000,64.57000,100.95010,
2019-02-15,2603.50000,96.92000,66.25000,100.95010,
2019-02-18,2603.50000,96.62000,66.40000,100.95010,
2019-02-19,2603.50000,96.52000,66.45000,100.95010,
2019-02-20,2603.50000,96.45000,67.08000,100.95010,
2019-02-21,2603.50000,96.61000,67.07000,100.95010,
2019-02-22,2603.50000,96.51000,67.12000,100.95010,
2019-02-25,2603.50000,96.41000,64.76000,100.95010,
2019-02-26,2603.50000,96.00000,65.21000,100.95010,
2019-02-27,2618.00000,96.15000,66.39000,100.95010,
2019-02-28,2618.00000,96.16000,66.03000,100.95010,
2019-03-01,2618.00000,96.53000,65.07000,100.95010,
2019-03-04,2732.50000,96.68000,65.67000,100.95010,
2019-03-05,2770.50000,96.85000,65.86000,100.95010,
2019-03-06,2779.00000,96.87000,65.99000,100.95010,
2019-03-07,2752.00000,97.67000,66.30000,100.95010,
2019-03-08,2728.00000,97.37000,65.74000,100.95010,
2019-03-11,2754.00000,97.22000,66.58000,100.95010,
2019-03-12,2841.50000,96.94000,66.67000,100.95010,
2019-03-13,2850.50000,96.55000,67.55000,100.95010,
2019-03-14,2840.50000,96.79000,67.23000,100.95010,
2019-03-15,2808.00000,96.60000,67.16000,100.95010,
2019-03-18,2808.00000,96.52000,67.54000,100.95010,
2019-03-19,2825.50000,96.38000,67.61000,100.95010,
2019-03-20,2825.50000,95.76000,68.50000,100.95010,
2019-03-21,2825.50000,96.50000,67.86000,100.95010,
2019-03-22,2825.50000,96.65000,67.03000,100.95010,
2019-03-25,2825.50000,96.57000,67.21000,100.95010,
2019-03-26,2825.50000,96.74000,67.97000,100.95010,
2019-03-27,2825.50000,96.77000,67.83000,100.95010,
2019-03-28,2868.00000,97.20000,67.82000,100.95010,
2019-03-29,2868.00000,97.28000,68.39000,100.95010,
2019-04-01,2912.50000,97.25000,69.01000,100.95010,
2019-04-02,2862.00000,97.36000,69.37000,105.65400,
2019-04-03,2924.00000,97.09000,69.31000,105.65400,
2019-04-04,2907.50000,97.31000,69.40000,105.65400,
2019-04-05,2914.50000,97.40000,70.34000,105.65400,
2019-04-08,2899.00000,97.05000,71.10000,105.65400,
2019-04-09,2860.50000,97.01000,70.61000,105.65400,
2019-04-10,2872.50000,96.95000,71.73000,105.65400,
2019-04-11,2863.00000,97.18000,70.83000,105.65400,
2019-04-12,2917.00000,96.97000,71.55000,105.65400,
2019-04-15,2897.00000,96.94000,71.18000,105.65400,
2019-04-16,2807.50000,97.04000,71.72000,105.65400,
2019-04-17,2807.50000,97.01000,71.62000,105.65400,
2019-04-18,2807.50000,97.47000,71.97000,105.65400,
2019-04-19,2807.50000,97.42250,72.48750,105.65400,
2019-04-22,2807.50000,97.28000,74.04000,105.65400,
2019-04-23,2807.50000,97.57000,74.51000,105.65400,
2019-04-24,2807.50000,98.10000,74.57000,105.65400,
2019-04-25,2807.50000,98.20000,74.35000,105.65400,
2019-04-26,2809.00000,98.01000,72.15000,105.65400,
2019-04-29,2828.50000,97.86000,72.04000,105.65400,
2019-04-30,2828.50000,97.48000,72.80000,105.65400,
2019-05-01,2848.00000,97.69000,72.18000,105.65400,
2019-05-02,2809.00000,97.83000,70.75000,105.65400,
2019-05-03,2845.50000,97.52000,70.85000,105.65400,
2019-05-06,2845.50000,97.52000,71.24000,105.65400,
2019-05-07,2771.50000,97.63000,69.88000,105.65400,
2019-05-08,2720.00000,97.62000,70.37000,105.65400,
2019-05-09,2683.50000,97.37000,70.39000,105.65400,
2019-05-10,2704.00000,97.33000,70.62000,105.65400,
2019-05-13,2643.50000,97.32000,70.23000,105.65400,
2019-05-14,2664.50000,97.53000,71.24000,105.65400,
2019-05-15,2664.50000,97.57000,71.77000,105.65400,
2019-05-16,2706.50000,97.84000,72.62000,105.65400,
2019-05-17,2706.50000,98.00000,72.21000,105.65400,
2019-05-20,2706.50000,97.93000,71.97000,105.65400,
2019-05-21,2706.50000,98.06000,72.18000,105.65400,
2019-05-22,2706.50000,98.11000,70.99000,105.65400,
2019-05-23,2706.50000,97.85000,67.76000,105.65400,
2019-05-24,2706.50000,97.61000,68.69000,105.65400,
2019-05-27,2706.50000,97.87250,69.75500,105.65400,
2019-05-28,2706.50000,97.96000,70.11000,105.65400,
2019-05-29,2706.50000,98.14000,69.45000,105.65400,
2019-05-30,2660.00000,98.14000,66.87000,105.65400,
2019-05-31,2660.00000,97.75000,64.49000,105.65400,
2019-06-03,2660.00000,97.14000,61.28000,105.65400,
2019-06-04,2660.00000,97.07000,61.97000,105.65400,
2019-06-05,2660.00000,97.37000,60.63000,105.65400,
2019-06-06,2595.50000,97.03000,61.67000,105.65400,
2019-06-07,2595.50000,96.61000,63.29000,105.65400,
2019-06-10,2595.50000,96.76000,62.29000,105.65400,
2019-06-11,2595.50000,96.69000,62.29000,105.65400,
2019-06-12,2558.50000,97.00000,59.97000,105.65400,
2019-06-13,2526.00000,97.01000,61.31000,105.65400,
2019-06-14,2506.50000,97.57000,62.01000,105.65400,
2019-06-17,2506.50000,97.56000,60.94000,105.65400,
2019-06-18,2506.50000,97.64000,62.14000,105.65400,
2019-06-19,2506.50000,97.12000,61.82000,105.65400,
2019-06-20,2506.50000,96.63000,64.45000,105.65400,
2019-06-21,2506.50000,96.22000,65.20000,105.65400,
2019-06-24,2506.50000,95.98000,64.86000,105.65400,
2019-06-25,2506.50000,96.16000,65.05000,105.65400,
2019-06-26,2575.00000,96.21000,66.49000,105.65400,
2019-06-27,2530.00000,96.19000,66.55000,105.65400,
2019-06-28,2530.00000,96.13000,66.55000,105.65400,
2019-07-01,2530.00000,96.84000,65.06000,105.65400,
2019-07-02,2530.00000,96.73000,62.40000,93.83400,
2019-07-03,2530.00000,96.77000,63.82000,93.83400,
2019-07-04,2530.00000,97.01000,64.02500,93.83400,
2019-07-05,2530.00000,97.25000,64.23000,93.83400,
2019-07-08,2530.00000,97.38000,64.11000,93.83400,
2019-07-09,2530.00000,97.49000,64.16000,93.83400,
2019-07-10,2530.00000,97.10000,67.01000,93.83400,
2019-07-11,2530.00000,97.05000,66.52000,93.83400,
2019-07-12,2530.00000,96.81000,66.72000,93.83400,
2019-07-15,2530.00000,96.93000,66.48000,93.83400,
2019-07-16,2530.00000,97.40000,64.35000,93.83400,
2019-07-17,2530.00000,97.22000,63.66000,93.83400,
2019-07-18,2530.00000,96.79000,61.93000,93.83400,
2019-07-19,2530.00000,97.15000,62.47000,93.83400,
2019-07-22,2530.00000,97.26000,63.26000,93.83400,
2019-07-23,2530.00000,97.71000,63.83000,93.83400,
2019-07-24,2530.00000,97.73000,63.18000,93.83400,
2019-07-25,2530.00000,97.82000,63.39000,93.83400,
2019-07-26,2530.00000,98.01000,63.46000,93.83400,
2019-07-29,2530.00000,98.04000,63.71000,93.83400,
2019-07-30,2530.00000,98.05000,64.72000,93.83400,
2019-07-31,2530.00000,98.52000,65.17000,93.83400,
2019-08-01,2530.00000,98.39000,60.50000,93.83400,
2019-08-02,2530.00000,98.10000,61.89000,93.83400,
2019-08-05,2530.00000,97.50000,59.81000,93.83400,
2019-08-06,2530.00000,97.63000,58.94000,93.83400,
2019-08-07,2530.00000,97.54000,56.23000,93.83400,
2019-08-08,2530.00000,97.62000,57.38000,93.83400,
2019-08-09,2530.00000,97.49000,58.53000,93.83400,
2019-08-12,2530.00000,97.38000,58.57000,93.83400,
2019-08-13,2530.00000,97.81000,61.30000,93.83400,
2019-08-14,2530.00000,97.99000,59.48000,93.83400,
2019-08-15,2530.00000,98.14000,58.23000,93.83400,
2019-08-16,2530.00000,98.14000,58.64000,93.83400,
2019-08-19,2530.00000,98.35000,59.74000,93.83400,
2019-08-20,2530.00000,98.19000,60.03000,93.83400,
2019-08-21,2530.00000,98.30000,60.30000,93.83400,
2019-08-22,2530.00000,98.17000,59.92000,93.83400,
2019-08-23,2530.00000,97.64000,59.34000,93.83400,
2019-08-26,2530.00000,98.08000,58.70000,93.83400,
2019-08-27,2530.00000,98.00000,59.51000,93.83400,
2019-08-28,2530.00000,98.21000,60.49000,93.83400,
2019-08-29,2530.00000,98.51000,61.08000,93.83400,
2019-08-30,2530.00000,98.92000,60.43000,93.83400,
2019-09-02,2530.00000,98.94250,58.80250,93.83400,
2019-09-03,2530.00000,98.95000,58.26000,93.83400,
2019-09-04,2530.00000,98.45000,60.70000,93.83400,
2019-09-05,2530.00000,98.41000,60.95000,93.83400,
2019-09-06,2530.00000,98.39000,61.54000,93.83400,
2019-09-09,2530.00000,98.28000,62.59000,93.83400,
2019-09-10,2530.00000,98.33000,62.38000,93.83400,
2019-09-11,2530.00000,98.65000,60.81000,93.83400,
2019-09-12,2530.00000,98.31000,60.38000,93.83400,
2019-09-13,2530.00000,98.26000,60.22000,93.83400,
2019-09-16,2530.00000,98.65000,69.02000,93.83400,
2019-09-17,2530.00000,98.26000,64.55000,93.83400,
2019-09-18,2530.00000,98.60000,63.60000,93.83400,
2019-09-19,2530.00000,98.27000,64.40000,93.83400,
2019-09-20,2530.00000,98.51000,64.28000,93.83400,
2019-09-23,2530.00000,98.60000,64.77000,93.83400,
2019-09-24,2530.00000,98.34000,63.10000,93.83400,
2019-09-25,2530.00000,99.04000,62.39000,93.83400,
2019-09-26,2530.00000,99.21000,62.74000,93.83400,
2019-09-27,2520.00000,99.11000,61.91000,93.83400,
2019-09-30,2520.00000,99.38000,60.78000,93.83400,
2019-10-01,2520.00000,99.13000,58.89000,93.83400,
2019-10-02,2520.00000,99.04000,57.69000,94.26310,
2019-10-03,2520.00000,98.86000,57.71000,94.26310,
2019-10-04,2520.00000,98.81000,58.37000,94.26310,
2019-10-07,2520.00000,98.99000,58.35000,94.26310,
2019-10-08,2520.00000,99.14000,58.24000,94.26310,
2019-10-09,2520.00000,99.12000,58.32000,94.26310,
2019-10-10,2520.00000,98.71000,59.10000,94.26310,
2019-10-11,2520.00000,98.30000,60.51000,94.26310,
2019-10-14,2520.00000,98.45000,59.35000,94.26310,
2019-10-15,2520.00000,98.29000,58.74000,94.26310,
2019-10-16,2520.00000,98.01000,59.42000,94.26310,
2019-10-17,2520.00000,97.61000,59.91000,94.26310,
2019-10-18,2520.00000,97.28000,59.42000,94.26310,
2019-10-21,2520.00000,97.33000,58.96000,94.26310,
2019-10-22,2520.00000,97.53000,59.70000,94.26310,
2019-10-23,2520.00000,97.47000,61.17000,94.26310,
2019-10-24,2520.00000,97.63000,61.67000,94.26310,
2019-10-25,2520.00000,97.83000,62.02000,94.26310,
2019-10-28,2520.00000,97.76000,61.57000,94.26310,
2019-10-29,2520.00000,97.69000,61.59000,94.26310,
2019-10-30,2520.00000,97.65000,60.61000,94.26310,
2019-10-31,2520.00000,97.35000,60.23000,94.26310,
2019-11-01,2520.00000,97.24000,61.69000,94.26310,
2019-11-04,2520.00000,97.51000,62.13000,94.26310,
2019-11-05,2520.00000,97.98000,62.96000,94.26310,
2019-11-06,2520.00000,97.95000,61.74000,94.26310,
2019-11-07,2520.00000,98.14000,62.29000,94.26310,
2019-11-08,2520.00000,98.35000,62.51000,94.26310,
2019-11-11,2520.00000,98.20000,62.18000,94.26310,
2019-11-12,2520.00000,98.31000,62.06000,94.26310,
2019-11-13,2520.00000,98.37000,62.37000,94.26310,
2019-11-14,2520.00000,98.16000,62.28000,94.26310,
2019-11-15,2520.00000,98.00000,63.30000,94.26310,
2019-11-18,2367.00000,97.79000,62.44000,94.26310,
2019-11-19,2353.00000,97.86000,60.91000,94.26310,
2019-11-20,2324.50000,97.93000,62.40000,94.26310,
2019-11-21,2324.50000,97.99000,63.97000,94.26310,
2019-11-22,2324.50000,98.27000,63.39000,94.26310,
2019-11-25,2324.50000,98.32000,63.65000,94.26310,
2019-11-26,2324.50000,98.25000,64.27000,94.26310,
2019-11-27,2323.50000,98.41000,64.06000,94.26310,
2019-11-28,2323.50000,98.34000,63.24500,94.26310,
2019-11-29,2323.50000,98.27000,62.43000,94.26310,
2019-12-02,2323.50000,97.86000,60.92000,94.26310,
2019-12-03,2323.50000,97.74000,60.82000,94.26310,
2019-12-04,2323.50000,97.65000,63.00000,94.26310,
2019-12-05,2323.50000,97.41000,63.39000,94.26310,
2019-12-06,2323.50000,97.70000,64.39000,94.26310,
2019-12-09,2323.50000,97.64000,64.25000,94.26310,
2019-12-10,2323.50000,97.41000,64.34000,94.26310,
2019-12-11,2323.50000,97.16000,63.72000,94.26310,
2019-12-12,2323.50000,97.40000,64.20000,94.26310,
2019-12-13,2323.50000,97.17000,65.22000,94.26310,
2019-12-16,2323.50000,97.07000,65.34000,94.26310,
2019-12-17,2323.50000,97.21000,66.10000,94.26310,
2019-12-18,2323.50000,97.41000,66.17000,94.26310,
2019-12-19,2323.50000,97.42000,66.54000,94.26310,
2019-12-20,2323.50000,97.71000,66.14000,94.26310,
2019-12-23,2323.50000,97.66000,66.39000,94.26310,
2019-12-24,2323.50000,97.65000,67.20000,94.26310,
2019-12-25,2323.50000,97.62000,67.56000,94.26310,
2019-12-26,2323.50000,97.59000,67.92000,94.26310,
2019-12-27,2338.50000,96.92000,68.16000,94.26310,
2019-12-30,2338.50000,96.74000,68.44000,94.26310,
2019-12-31,2338.50000,96.39000,66.00000,94.26310,
2020-01-01,2338.50000,96.62000,66.12500,94.26310,
2020-01-02,2338.50000,96.85000,66.25000,96.19660,
2020-01-03,2338.50000,96.84000,68.60000,96.19660,
2020-01-06,2338.50000,96.67000,68.91000,96.19660,
2020-01-07,2338.50000,96.98000,68.27000,96.19660,
2020-01-08,2338.50000,97.30000,65.44000,96.19660,
2020-01-09,2338.50000,97.45000,65.37000,96.19660,
2020-01-10,2338.50000,97.36000,64.98000,96.19660,
2020-01-13,2338.50000,97.35000,64.20000,96.19660,
2020-01-14,2338.50000,97.37000,64.49000,96.19660,
2020-01-15,2338.50000,97.23000,64.00000,96.19660,
2020-01-16,2338.50000,97.32000,64.62000,96.19660,
2020-01-17,2338.50000,97.61000,64.85000,96.19660,
2020-01-20,2338.50000,97.55000,64.65500,96.19660,
2020-01-21,2338.50000,97.53000,64.59000,96.19660,
2020-01-22,2338.50000,97.53000,63.21000,96.19660,
2020-01-23,2338.50000,97.69000,62.04000,96.19660,
2020-01-24,2338.50000,97.85000,60.69000,96.19660,
2020-01-27,2338.50000,97.96000,59.32000,96.19660,
2020-01-28,2338.50000,98.02000,59.51000,96.19660,
2020-01-29,2338.50000,97.99000,59.81000,96.19660,
2020-01-30,2304.00000,97.87000,58.29000,96.19660,
2020-01-31,2304.00000,97.39000,58.16000,96.19660,
2020-02-03,2304.00000,97.80000,54.45000,96.19660,
2020-02-04,2304.00000,97.96000,53.96000,96.19660,
2020-02-05,2304.00000,98.27000,55.28000,96.19660,
2020-02-06,2304.00000,98.50000,54.93000,96.19660,
2020-02-07,2304.00000,98.68000,54.47000,96.19660,
2020-02-10,2304.00000,98.83000,53.27000,96.19660,
2020-02-11,2304.00000,98.72000,54.01000,96.19660,
2020-02-12,2304.00000,99.05000,55.79000,96.19660,
2020-02-13,2304.00000,99.07000,56.34000,96.19660,
2020-02-14,2304.00000,99.12000,57.32000,96.19660,
2020-02-17,2304.00000,99.37500,57.64250,96.19660,
2020-02-18,2304.00000,99.46000,57.75000,96.19660,
2020-02-19,2304.00000,99.60000,59.12000,96.19660,
2020-02-20,2304.00000,99.87000,59.31000,96.19660,
2020-02-21,2304.00000,99.26000,58.50000,96.19660,
2020-02-24,2304.00000,99.29000,56.30000,96.19660,
2020-02-25,2304.00000,98.97000,54.95000,96.19660,
2020-02-26,2304.00000,99.00000,53.43000,96.19660,
2020-02-27,2297.00000,98.44000,52.18000,96.19660,
2020-02-28,2297.00000,98.13000,50.52000,96.19660,
2020-03-02,2297.00000,97.36000,51.90000,96.19660,
2020-03-03,2297.00000,97.15000,51.86000,96.19660,
2020-03-04,2297.00000,97.34000,51.13000,96.19660,
2020-03-05,2297.00000,96.82000,49.99000,96.19660,
2020-03-06,2297.00000,95.95000,45.27000,96.19660,
2020-03-09,2297.00000,94.90000,34.36000,96.19660,
2020-03-10,2297.00000,96.41000,37.22000,96.19660,
2020-03-11,2297.00000,96.51000,35.79000,96.19660,
2020-03-12,2297.00000,97.47000,33.22000,96.19660,
2020-03-13,2297.00000,98.75000,33.85000,96.19660,
2020-03-16,2297.00000,98.09000,30.05000,96.19660,
2020-03-17,2297.00000,99.58000,28.73000,96.19660,
2020-03-18,2297.00000,101.16000,24.88000,96.19660,
2020-03-19,2297.00000,102.76000,28.47000,96.19660,
2020-03-20,2297.00000,102.82000,26.98000,96.19660,
2020-03-23,2297.00000,102.49000,27.03000,96.19660,
2020-03-24,2297.00000,101.74000,27.15000,96.19660,
2020-03-25,2297.00000,101.05000,27.39000,96.19660,
2020-03-26,2297.00000,99.42000,26.34000,96.19660,
2020-03-27,2297.00000,98.37000,24.93000,96.19660,
2020-03-30,2297.00000,99.18000,22.76000,96.19660,
2020-03-31,2297.00000,99.05000,22.74000,96.19660,
2020-04-01,2297.00000,99.67000,24.74000,96.19660,
2020-04-02,2297.00000,100.18000,29.94000,96.36120,
2020-04-03,2297.00000,100.58000,34.11000,96.36120,
2020-04-06,2297.00000,100.69000,33.05000,96.36120,
2020-04-07,2297.00000,99.98000,31.87000,96.36120,
2020-04-08,2297.00000,100.12000,32.84000,96.36120,
2020-04-09,2297.00000,99.52000,31.48000,96.36120,
2020-04-10,2297.00000,99.47750,31.54500,96.36120,
2020-04-13,2297.00000,99.35000,31.74000,96.36120,
2020-04-14,2297.00000,98.89000,29.60000,96.36120,
2020-04-15,2297.00000,99.46000,27.69000,96.36120,
2020-04-16,2297.00000,100.03000,27.82000,96.36120,
2020-04-17,2297.00000,99.78000,28.08000,96.36120,
2020-04-20,2297.00000,99.96000,25.57000,96.36120,
2020-04-21,2297.00000,100.26000,19.33000,96.36120,
2020-04-22,2297.00000,100.39000,20.37000,96.36120,
2020-04-23,2297.00000,100.43000,21.33000,96.36120,
2020-04-24,2297.00000,100.38000,21.44000,96.36120,
2020-04-27,2297.00000,100.04000,19.99000,96.36120,
2020-04-28,2297.00000,99.87000,20.46000,96.36120,
2020-04-29,2297.00000,99.57000,22.54000,96.36120,
2020-04-30,2297.00000,99.02000,25.27000,96.36120,
2020-05-01,2297.00000,98.80000,26.44000,96.36120,
2020-05-04,2297.00000,99.48000,27.20000,96.36120,
2020-05-05,2297.00000,99.71000,30.97000,96.36120,
2020-05-06,2297.00000,100.09000,29.72000,96.36120,
2020-05-07,2297.00000,99.89000,29.46000,96.36120,
2020-05-08,2297.00000,99.73000,30.97000,96.36120,
2020-05-11,2297.00000,100.24000,29.63000,96.36120,
2020-05-12,2297.00000,99.93000,29.98000,96.36120,
2020-05-13,2297.00000,100.24000,29.19000,96.36120,
2020-05-14,2297.00000,100.47000,31.13000,96.36120,
2020-05-15,2297.00000,100.40000,32.50000,96.36120,
2020-05-18,2297.00000,99.67000,34.81000,96.36120,
2020-05-19,2297.00000,99.37000,34.65000,96.36120,
2020-05-20,2297.00000,99.12000,35.75000,96.36120,
2020-05-21,2297.00000,99.37000,36.06000,96.36120,
2020-05-22,2297.00000,99.86000,35.13000,96.36120,
2020-05-25,2297.00000,99.14750,35.91000,96.36120,
2020-05-26,2297.00000,98.91000,36.17000,96.36120,
2020-05-27,2297.00000,99.06000,34.74000,96.36120,
2020-05-28,2297.00000,98.38000,35.29000,96.36120,
2020-05-29,2297.00000,98.34000,35.33000,96.36120,
2020-06-01,2297.00000,97.83000,38.32000,96.36120,
2020-06-02,2297.00000,97.67000,39.57000,96.36120,
2020-06-03,2297.00000,97.28000,39.79000,96.36120,
2020-06-04,2297.00000,96.68000,39.99000,96.36120,
2020-06-05,2297.00000,96.94000,42.30000,96.36120,
2020-06-08,2297.00000,96.62000,40.80000,96.36120,
2020-06-09,2297.00000,96.32000,41.18000,96.36120,
2020-06-10,2297.00000,95.96000,41.73000,96.36120,
2020-06-11,2297.00000,96.73000,38.55000,96.36120,
2020-06-12,2297.00000,97.32000,38.73000,96.36120,
2020-06-15,2297.00000,96.68000,39.72000,96.36120,
2020-06-16,2297.00000,96.96000,40.96000,96.36120,
2020-06-17,2297.00000,97.16000,40.71000,96.36120,
2020-06-18,2297.00000,97.42000,41.51000,96.36120,
2020-06-19,2297.00000,97.62000,42.19000,96.36120,
2020-06-22,2297.00000,97.04000,43.08000,96.36120,
2020-06-23,2297.00000,96.69000,42.63000,96.36120,
2020-06-24,2297.00000,97.15000,40.31000,96.36120,
2020-06-25,2297.00000,97.43000,41.05000,96.36120,
2020-06-26,2297.00000,97.50000,41.02000,96.36120,
2020-06-29,2297.00000,97.54000,41.71000,96.36120,
2020-06-30,2297.00000,97.39000,41.15000,96.36120,
2020-07-01,2297.00000,97.20000,42.03000,96.36120,
2020-07-02,2297.00000,97.32000,43.14000,93.76150,
2020-07-03,2297.00000,97.18750,43.13000,93.76150,
2020-07-06,2297.00000,96.79000,43.10000,93.76150,
2020-07-07,2297.00000,96.88000,43.08000,93.76150,
2020-07-08,2297.00000,96.43000,43.29000,93.76150,
2020-07-09,2297.00000,96.70000,42.35000,93.76150,
2020-07-10,2297.00000,96.65000,43.24000,93.76150,
2020-07-13,2297.00000,96.46000,42.72000,93.76150,
2020-07-14,2297.00000,96.26000,42.90000,93.76150,
2020-07-15,2297.00000,96.08000,43.79000,93.76150,
2020-07-16,2297.00000,96.35000,43.37000,93.76150,
2020-07-17,2297.00000,95.94000,43.14000,93.76150,
2020-07-20,2297.00000,95.83000,43.28000,93.76150,
2020-07-21,2297.00000,95.12000,44.32000,93.76150,
2020-07-22,2297.00000,94.97000,44.29000,93.76150,
2020-07-23,2297.00000,94.69000,43.31000,93.76150,
2020-07-24,2297.00000,94.44000,43.34000,93.76150,
2020-07-27,2297.00000,93.67000,43.41000,93.76150,
2020-07-28,2297.00000,93.76000,43.22000,93.76150,
2020-07-29,2297.00000,93.26000,43.75000,93.76150,
2020-07-30,2297.00000,93.02000,42.94000,93.76150,
2020-07-31,2297.00000,93.49000,43.30000,93.76150,
2020-08-03,2297.00000,93.50000,44.15000,93.76150,
2020-08-04,2297.00000,93.38000,44.43000,93.76150,
2020-08-05,2297.00000,92.83000,45.17000,93.76150,
2020-08-06,2297.00000,92.79000,45.09000,93.76150,
2020-08-07,2297.00000,93.44000,44.40000,93.76150,
2020-08-10,2297.00000,93.58000,44.99000,93.76150,
2020-08-11,2297.00000,93.63000,44.50000,93.76150,
2020-08-12,2297.00000,93.44000,45.43000,93.76150,
2020-08-13,2297.00000,93.34000,44.96000,93.76150,
2020-08-14,2297.00000,93.10000,44.80000,93.76150,
2020-08-17,2297.00000,92.85000,45.37000,93.76150,
2020-08-18,2297.00000,92.27000,45.46000,93.76150,
2020-08-19,2297.00000,92.89000,45.37000,93.76150,
2020-08-20,2297.00000,92.79000,44.90000,93.76150,
2020-08-21,2297.00000,93.25000,44.35000,93.76150,
2020-08-24,2297.00000,93.30000,45.13000,93.76150,
2020-08-25,2297.00000,93.02000,45.86000,93.76150,
2020-08-26,2297.00000,93.01000,45.64000,93.76150,
2020-08-27,2297.00000,93.01000,45.09000,93.76150,
2020-08-28,2297.00000,92.37000,45.05000,93.76150,
2020-08-31,2297.00000,92.14000,45.28000,93.76150,
2020-09-01,2297.00000,92.34000,45.58000,93.76150,
2020-09-02,2297.00000,92.85000,44.43000,93.76150,
2020-09-03,2297.00000,92.74000,44.07000,93.76150,
2020-09-04,2297.00000,92.72000,42.66000,93.76150,
2020-09-07,2297.00000,93.29000,40.50000,93.76150,
2020-09-08,2297.00000,93.48000,39.78000,93.76150,
2020-09-09,2297.00000,93.26000,40.79000,93.76150,
2020-09-10,2297.00000,93.34000,40.06000,93.76150,
2020-09-11,2297.00000,93.33000,39.83000,93.76150,
2020-09-14,2297.00000,93.07000,39.61000,93.76150,
2020-09-15,2297.00000,93.05000,40.53000,93.76150,
2020-09-16,2297.00000,93.21000,42.22000,93.76150,
2020-09-17,2297.00000,92.97000,43.30000,93.76150,
2020-09-18,2297.00000,92.93000,43.15000,93.76150,
2020-09-21,2297.00000,93.54000,41.44000,93.76150,
2020-09-22,2297.00000,93.99000,41.72000,93.76150,
2020-09-23,2297.00000,94.39000,41.77000,93.76150,
2020-09-24,2297.00000,94.35000,41.94000,93.76150,
2020-09-25,2297.00000,94.58000,41.92000,93.76150,
2020-09-28,2297.00000,94.26000,42.43000,93.76150,
2020-09-29,2297.00000,93.89000,41.03000,93.76150,
2020-09-30,2297.00000,93.89000,40.95000,93.76150,
2020-10-01,2297.00000,93.71000,40.93000,93.76150,
2020-10-02,2297.00000,93.84000,39.27000,96.79300,
2020-10-05,2297.00000,93.51000,41.29000,96.79300,
2020-10-06,2297.00000,93.83000,42.65000,96.79300,
2020-10-07,2297.00000,93.63000,41.99000,96.79300,
2020-10-08,2297.00000,93.61000,43.34000,96.79300,
2020-10-09,2297.00000,93.06000,42.85000,96.79300,
2020-10-12,2297.00000,93.07000,41.72000,96.79300,
2020-10-13,2297.00000,93.53000,42.45000,96.79300,
2020-10-14,2297.00000,93.38000,43.32000,96.79300,
2020-10-15,2297.00000,93.86000,43.16000,96.79300,
2020-10-16,2297.00000,93.68000,42.93000,96.79300,
2020-10-19,2297.00000,93.43000,42.62000,96.79300,
2020-10-20,2297.00000,93.07000,43.16000,96.79300,
2020-10-21,2297.00000,92.61000,41.73000,96.79300,
2020-10-22,2297.00000,92.95000,42.46000,96.79300,
2020-10-23,2297.00000,92.77000,41.77000,96.79300,
2020-10-26,2297.00000,93.05000,40.46000,96.79300,
2020-10-27,2297.00000,92.94000,41.20000,96.79300,
2020-10-28,2297.00000,93.41000,39.12000,96.79300,
2020-10-29,2297.00000,93.96000,37.65000,96.79300,
2020-10-30,2297.00000,94.04000,37.46000,96.79300,
2020-11-02,2297.00000,94.05000,38.97000,96.79300,
2020-11-03,2297.00000,93.55000,39.71000,96.79300,
2020-11-04,2297.00000,93.41000,41.23000,96.79300,
2020-11-05,2297.00000,92.53000,40.93000,96.79300,
2020-11-06,2297.00000,92.23000,39.45000,96.79300,
2020-11-09,2297.00000,92.73000,42.40000,96.79300,
2020-11-10,2297.00000,92.75000,43.61000,96.79300,
2020-11-11,2297.00000,93.04000,43.80000,96.79300,
2020-11-12,2297.00000,92.96000,43.53000,96.79300,
2020-11-13,2297.00000,92.76000,42.78000,96.79300,
2020-11-16,2297.00000,92.57000,43.82000,96.79300,
2020-11-17,2297.00000,92.42000,43.75000,96.79300,
2020-11-18,2297.00000,92.32000,44.34000,96.79300,
2020-11-19,2297.00000,92.29000,44.20000,96.79300,
2020-11-20,2297.00000,92.39000,44.96000,96.79300,
2020-11-23,2297.00000,92.51000,46.06000,96.79300,
2020-11-24,2297.00000,92.23000,47.86000,96.79300,
2020-11-25,2297.00000,91.99000,48.61000,96.79300,
2020-11-26,2297.00000,91.89000,48.39500,96.79300,
2020-11-27,2297.00000,91.79000,48.18000,96.79300,
2020-11-30,2297.00000,91.87000,47.59000,96.79300,
2020-12-01,2297.00000,91.31000,47.42000,96.79300,
2020-12-02,2297.00000,91.12000,48.25000,96.79300,
2020-12-03,2297.00000,90.71000,48.71000,96.79300,
2020-12-04,2297.00000,90.70000,49.25000,96.79300,
2020-12-07,2297.00000,90.79000,48.79000,96.79300,
2020-12-08,2297.00000,90.97000,48.84000,96.79300,
2020-12-09,2297.00000,91.09000,48.86000,96.79300,
2020-12-10,2297.00000,90.79000,50.25000,96.79300,
2020-12-11,2297.00000,90.98000,49.97000,96.79300,
2020-12-14,2297.00000,90.71000,50.29000,96.79300,
2020-12-15,2297.00000,90.47000,50.76000,96.79300,
2020-12-16,2297.00000,90.45000,51.08000,96.79300,
2020-12-17,2297.00000,89.82000,51.50000,96.79300,
2020-12-18,2297.00000,90.02000,52.26000,96.79300,
2020-12-21,2297.00000,90.04000,50.91000,96.79300,
2020-12-22,2297.00000,90.65000,50.08000,96.79300,
2020-12-23,2297.00000,90.41000,51.20000,96.79300,
2020-12-24,2297.00000,90.33000,51.29000,96.79300,
2020-12-25,2297.00000,90.33250,51.18250,96.79300,
2020-12-28,2297.00000,90.34000,50.86000,96.79300,
2020-12-29,2297.00000,90.01000,51.09000,96.79300,
2020-12-30,2297.00000,89.63000,51.34000,96.79300,
2020-12-31,2297.00000,89.94000,51.80000,96.79300,
2021-01-01,2297.00000,89.92500,51.62250,96.79300,
2021-01-04,2297.00000,89.88000,51.09000,95.49340,
2021-01-05,2297.00000,89.44000,53.60000,95.49340,
2021-01-06,2297.00000,89.53000,54.30000,95.49340,
2021-01-07,2297.00000,89.83000,54.38000,95.49340,
2021-01-08,2297.00000,90.10000,55.99000,95.49340,
2021-01-11,2297.00000,90.54000,55.66000,95.49340,
2021-01-12,2297.00000,90.05000,56.58000,95.49340,
2021-01-13,2297.00000,90.32000,56.06000,95.49340,
2021-01-14,2297.00000,90.24000,56.42000,95.49340,
2021-01-15,2297.00000,90.78000,55.10000,95.49340,
2021-01-18,2297.00000,90.57000,55.70000,95.49340,
2021-01-19,2297.00000,90.50000,55.90000,95.49340,
2021-01-20,2297.00000,90.47000,56.08000,95.49340,
2021-01-21,2297.00000,90.13000,56.10000,95.49340,
2021-01-22,2297.00000,90.24000,55.41000,95.49340,
2021-01-25,2297.00000,90.39000,55.88000,95.49340,
2021-01-26,2297.00000,90.17000,55.91000,95.49340,
2021-01-27,2297.00000,90.65000,55.81000,95.49340,
2021-01-28,2297.00000,90.46000,55.53000,95.49340,
2021-01-29,2297.00000,90.58000,55.88000,95.49340,
2021-02-01,2297.00000,91.02000,56.35000,95.49340,
2021-02-02,2297.00000,91.20000,57.46000,95.49340,
2021-02-03,2297.00000,91.12000,58.46000,95.49340,
2021-02-04,2297.00000,91.53000,58.84000,95.49340,
2021-02-05,2297.00000,91.04000,59.34000,95.49340,
2021-02-08,2297.00000,90.93000,60.56000,95.49340,
2021-02-09,2297.00000,90.44000,61.09000,95.49340,
2021-02-10,2297.00000,90.37000,61.47000,95.49340,
2021-02-11,2297.00000,90.42000,61.14000,95.49340,
2021-02-12,2297.00000,90.48000,62.43000,95.49340,
2021-02-15,2297.00000,90.50250,63.12000,95.49340,
2021-02-16,2297.00000,90.51000,63.35000,95.49340,
2021-02-17,2297.00000,90.95000,64.34000,95.49340,
2021-02-18,2297.00000,90.59000,63.93000,95.49340,
2021-02-19,2297.00000,90.36000,62.91000,95.49340,
2021-02-22,2297.00000,90.01000,65.24000,95.49340,
2021-02-23,2297.00000,90.17000,65.37000,95.49340,
2021-02-24,2297.00000,90.18000,67.04000,95.49340,
2021-02-25,2297.00000,90.13000,66.88000,95.49340,
2021-02-26,2297.00000,90.93000,66.13000,95.49340,
2021-03-01,2297.00000,91.04000,63.69000,95.49340,
2021-03-02,2297.00000,90.79000,62.70000,95.49340,
2021-03-03,2297.00000,90.95000,64.07000,95.49340,
2021-03-04,2297.00000,91.63000,66.74000,95.49340,
2021-03-05,2297.00000,91.98000,69.36000,95.49340,
2021-03-08,2297.00000,92.31000,68.24000,95.49340,
2021-03-09,2297.00000,91.96000,67.52000,95.49340,
2021-03-10,2297.00000,91.79000,67.90000,95.49340,
2021-03-11,2297.00000,91.42000,69.63000,95.49340,
2021-03-12,2297.00000,91.68000,69.22000,95.49340,
2021-03-15,2297.00000,91.83000,68.88000,95.49340,
2021-03-16,2297.00000,91.87000,68.39000,95.49340,
2021-03-17,2297.00000,91.40000,68.00000,95.49340,
2021-03-18,2297.00000,91.85000,63.28000,95.49340,
2021-03-19,2297.00000,91.92000,64.53000,95.49340,
2021-03-22,2297.00000,91.80000,64.62000,95.49340,
2021-03-23,2297.00000,92.34000,60.79000,95.49340,
2021-03-24,2297.00000,92.53000,64.41000,95.49340,
2021-03-25,2297.00000,92.88000,61.95000,95.49340,
2021-03-26,2297.00000,92.77000,64.57000,95.49340,
2021-03-29,2297.00000,92.94000,64.98000,95.49340,
2021-03-30,2297.00000,93.30000,64.14000,95.49340,
2021-03-31,2297.00000,93.23000,63.54000,95.49340,
2021-04-01,2297.00000,92.93000,64.86000,95.49340,
2021-04-02,2297.00000,92.84750,64.18250,95.78590,
2021-04-05,2297.00000,92.60000,62.15000,95.78590,
2021-04-06,2297.00000,92.34000,62.74000,95.78590,
2021-04-07,2297.00000,92.46000,63.16000,95.78590,
2021-04-08,2297.00000,92.06000,63.20000,95.78590,
2021-04-09,2297.00000,92.16000,62.95000,95.78590,
2021-04-12,2297.00000,92.14000,63.28000,95.78590,
2021-04-13,2297.00000,91.85000,63.67000,95.78590,
2021-04-14,2297.00000,91.69000,66.58000,95.78590,
2021-04-15,2297.00000,91.67000,66.94000,95.78590,
2021-04-16,2297.00000,91.56000,66.77000,95.78590,
2021-04-19,2297.00000,91.07000,67.05000,95.78590,
2021-04-20,2297.00000,91.24000,66.57000,95.78590,
2021-04-21,2297.00000,91.16000,65.32000,95.78590,
2021-04-22,2297.00000,91.33000,65.40000,95.78590,
2021-04-23,2297.00000,90.86000,66.11000,95.78590,
2021-04-26,2297.00000,90.81000,65.65000,95.78590,
2021-04-27,2297.00000,90.91000,66.42000,95.78590,
2021-04-28,2297.00000,90.61000,67.27000,95.78590,
2021-04-29,2297.00000,90.61000,68.56000,95.78590,
2021-04-30,2297.00000,91.28000,67.25000,95.78590,
2021-05-03,2297.00000,90.95000,67.56000,95.78590,
2021-05-04,2297.00000,91.29000,68.88000,95.78590,
2021-05-05,2297.00000,91.31000,68.96000,95.78590,
2021-05-06,2297.00000,90.95000,68.09000,95.78590,
2021-05-07,2297.00000,90.23000,68.28000,95.78590,
2021-05-10,2297.00000,90.21000,68.32000,95.78590,
2021-05-11,2297.00000,90.14000,68.55000,95.78590,
2021-05-12,2297.00000,90.71000,69.32000,95.78590,
2021-05-13,2297.00000,90.75000,67.05000,95.78590,
2021-05-14,2297.00000,90.32000,68.71000,95.78590,
2021-05-17,2297.00000,90.22000,69.46000,95.78590,
2021-05-18,2297.00000,89.75000,68.71000,95.78590,
2021-05-19,2297.00000,90.19000,66.66000,95.78590,
2021-05-20,2297.00000,89.81000,65.11000,95.78590,
2021-05-21,2297.00000,90.02000,66.44000,95.78590,
2021-05-24,2297.00000,89.83000,68.46000,95.78590,
2021-05-25,2297.00000,89.64000,68.65000,95.78590,
2021-05-26,2297.00000,90.04000,68.87000,95.78590,
2021-05-27,2297.00000,89.97000,69.46000,95.78590,
2021-05-28,2297.00000,90.03000,69.63000,95.78590,
2021-05-31,2297.00000,89.88000,70.09500,95.78590,
2021-06-01,2297.00000,89.83000,70.25000,95.78590,
2021-06-02,2297.00000,89.90000,71.35000,95.78590,
2021-06-03,2297.00000,90.50000,71.31000,95.78590,
2021-06-04,2297.00000,90.14000,71.89000,95.78590,
2021-06-07,2297.00000,89.95000,71.49000,95.78590,
2021-06-08,2297.00000,90.08000,72.22000,95.78590,
2021-06-09,2297.00000,90.12000,72.22000,95.78590,
2021-06-10,2297.00000,90.08000,72.52000,95.78590,
2021-06-11,2297.00000,90.56000,72.69000,95.78590,
2021-06-14,2297.00000,90.52000,72.86000,95.78590,
2021-06-15,2297.00000,90.54000,73.99000,95.78590,
2021-06-16,2297.00000,91.13000,74.39000,95.78590,
2021-06-17,2297.00000,91.89000,73.08000,95.78590,
2021-06-18,2297.00000,92.23000,73.51000,95.78590,
2021-06-21,2297.00000,91.86000,74.90000,95.78590,
2021-06-22,2297.00000,91.73000,74.81000,95.78590,
2021-06-23,2297.00000,91.80000,75.19000,95.78590,
2021-06-24,2297.00000,91.82000,75.56000,95.78590,
2021-06-25,2297.00000,91.81000,76.18000,95.78590,
2021-06-28,2297.00000,91.88000,74.68000,95.78590,
2021-06-29,2297.00000,92.05000,74.76000,95.78590,
2021-06-30,2297.00000,92.44000,75.13000,95.78590,
2021-07-01,2297.00000,92.60000,75.84000,95.78590,
2021-07-02,2297.00000,92.23000,76.17000,99.61660,
2021-07-05,2297.00000,92.47000,74.94000,99.61660,
2021-07-06,2297.00000,92.55000,74.53000,99.61660,
2021-07-07,2297.00000,92.64000,73.43000,99.61660,
2021-07-08,2297.00000,92.36000,74.12000,99.61660,
2021-07-09,2297.00000,92.13000,75.55000,99.61660,
2021-07-12,2297.00000,92.23000,75.16000,99.61660,
2021-07-13,2297.00000,92.75000,76.49000,99.61660,
2021-07-14,2297.00000,92.41000,74.76000,99.61660,
2021-07-15,2297.00000,92.62000,73.47000,99.61660,
2021-07-16,2297.00000,92.69000,73.59000,99.61660,
2021-07-19,2297.00000,92.89000,68.62000,99.61660,
2021-07-20,2297.00000,92.97000,69.35000,99.61660,
2021-07-21,2297.00000,92.75000,72.23000,99.61660,
2021-07-22,2297.00000,92.82000,73.79000,99.61660,
2021-07-23,2297.00000,92.91000,74.10000,99.61660,
2021-07-26,2297.00000,92.65000,74.50000,99.61660,
2021-07-27,2297.00000,92.43000,74.48000,99.61660,
2021-07-28,2297.00000,92.32000,74.74000,99.61660,
2021-07-29,2297.00000,91.86000,76.05000,99.61660,
2021-07-30,2297.00000,92.17000,76.33000,99.61660,
2021-08-02,2297.00000,92.05000,72.89000,99.61660,
2021-08-03,2297.00000,92.08000,72.41000,99.61660,
2021-08-04,2297.00000,92.27000,70.38000,99.61660,
2021-08-05,2297.00000,92.24000,71.29000,99.61660,
2021-08-06,2297.00000,92.80000,70.70000,99.61660,
2021-08-09,2297.00000,92.95000,69.04000,99.61660,
2021-08-10,2297.00000,93.06000,70.63000,99.61660,
2021-08-11,2297.00000,92.91000,71.44000,99.61660,
2021-08-12,2297.00000,93.04000,71.31000,99.61660,
2021-08-13,2297.00000,92.52000,70.59000,99.61660,
2021-08-16,2297.00000,92.63000,69.51000,99.61660,
2021-08-17,2297.00000,93.13000,69.03000,99.61660,
2021-08-18,2297.00000,93.14000,68.23000,99.61660,
2021-08-19,2297.00000,93.57000,66.45000,99.61660,
2021-08-20,2297.00000,93.50000,65.18000,99.61660,
2021-08-23,2297.00000,92.96000,68.75000,99.61660,
2021-08-24,2297.00000,92.89000,71.05000,99.61660,
2021-08-25,2297.00000,92.83000,72.25000,99.61660,
2021-08-26,2297.00000,93.06000,71.07000,99.61660,
2021-08-27,2297.00000,92.69000,72.70000,99.61660,
2021-08-30,2297.00000,92.65000,73.41000,99.61660,
2021-08-31,2297.00000,92.63000,72.99000,99.61660,
2021-09-01,2297.00000,92.45000,71.59000,99.61660,
2021-09-02,2297.00000,92.23000,73.03000,99.61660,
2021-09-03,2297.00000,92.04000,72.61000,99.61660,
2021-09-06,2297.00000,92.40000,71.92000,99.61660,
2021-09-07,2297.00000,92.52000,71.69000,99.61660,
2021-09-08,2297.00000,92.65000,72.60000,99.61660,
2021-09-09,2297.00000,92.48000,71.45000,99.61660,
2021-09-10,2297.00000,92.58000,72.92000,99.61660,
2021-09-13,2297.00000,92.62000,73.51000,99.61660,
2021-09-14,2297.00000,92.65000,73.60000,99.61660,
2021-09-15,2297.00000,92.49000,75.46000,99.61660,
2021-09-16,2297.00000,92.86000,75.67000,99.61660,
2021-09-17,2297.00000,93.20000,75.34000,99.61660,
2021-09-20,2297.00000,93.24000,73.92000,99.61660,
2021-09-21,2297.00000,93.20000,74.36000,99.61660,
2021-09-22,2297.00000,93.46000,76.19000,99.61660,
2021-09-23,2297.00000,93.10000,77.25000,99.61660,
2021-09-24,2297.00000,93.33000,78.09000,99.61660,
2021-09-27,2297.00000,93.38000,79.53000,99.61660,
2021-09-28,2297.00000,93.77000,79.09000,99.61660,
2021-09-29,2297.00000,94.34000,78.64000,99.61660,
2021-09-30,2297.00000,94.25000,78.52000,99.61660,
2021-10-01,2297.00000,94.04000,79.28000,99.61660,
2021-10-04,2297.00000,93.81000,81.26000,100.24930,
2021-10-05,2297.00000,93.98000,82.56000,100.24930,
2021-10-06,2297.00000,94.27000,81.08000,100.24930,
2021-10-07,2297.00000,94.22000,81.95000,100.24930,
2021-10-08,2297.00000,94.07000,82.39000,100.24930,
2021-10-11,2297.00000,94.32000,83.65000,100.24930,
2021-10-12,2297.00000,94.52000,83.42000,100.24930,
2021-10-13,2297.00000,94.08000,83.18000,100.24930,
2021-10-14,2297.00000,93.96000,84.00000,100.24930,
2021-10-15,2297.00000,93.94000,84.86000,100.24930,
2021-10-18,2297.00000,93.95000,84.33000,100.24930,
2021-10-19,2297.00000,93.79000,85.08000,100.24930,
2021-10-20,2297.00000,93.56000,85.82000,100.24930,
2021-10-21,2297.00000,93.77000,84.61000,100.24930,
2021-10-22,2297.00000,93.61000,85.53000,100.24930,
2021-10-25,2297.00000,93.81000,85.99000,100.24930,
2021-10-26,2297.00000,93.95000,86.40000,100.24930,
2021-10-27,2297.00000,93.86000,84.58000,100.24930,
2021-10-28,2297.00000,93.35000,84.32000,100.24930,
2021-10-29,2297.00000,94.12000,84.38000,100.24930,
2021-11-01,2297.00000,93.88000,84.71000,100.24930,
2021-11-02,2297.00000,94.09000,84.72000,100.24930,
2021-11-03,2297.00000,93.86000,81.99000,100.24930,
2021-11-04,2297.00000,94.35000,80.54000,100.24930,
2021-11-05,2297.00000,94.32000,82.74000,100.24930,
2021-11-08,2297.00000,94.05000,83.43000,100.24930,
2021-11-09,2297.00000,93.96000,84.78000,100.24930,
2021-11-10,2297.00000,94.85000,82.64000,100.24930,
2021-11-11,2297.00000,95.18000,82.87000,100.24930,
2021-11-12,2297.00000,95.13000,82.17000,100.24930,
2021-11-15,2297.00000,95.41000,82.05000,100.24930,
2021-11-16,2297.00000,95.92000,82.43000,100.24930,
2021-11-17,2297.00000,95.83000,80.28000,100.24930,
2021-11-18,2297.00000,95.54000,81.24000,100.24930,
2021-11-19,2297.00000,96.07000,78.89000,100.24930,
2021-11-22,2297.00000,96.50000,79.70000,100.24930,
2021-11-23,2297.00000,96.49000,82.31000,100.24930,
2021-11-24,2297.00000,96.84000,82.25000,100.24930,
2021-11-25,2297.00000,96.46500,77.48500,100.24930,
2021-11-26,2297.00000,96.09000,72.72000,100.24930,
2021-11-29,2297.00000,96.34000,73.44000,100.24930,
2021-11-30,2297.00000,95.99000,70.57000,100.24930,
2021-12-01,2297.00000,96.05000,68.87000,100.24930,
2021-12-02,2297.00000,96.13000,69.67000,100.24930,
2021-12-03,2297.00000,96.12000,69.88000,100.24930,
2021-12-06,2297.00000,96.29000,73.08000,100.24930,
2021-12-07,2297.00000,96.37000,75.44000,100.24930,
2021-12-08,2297.00000,95.89000,75.82000,100.24930,
2021-12-09,2297.00000,96.27000,74.42000,100.24930,
2021-12-10,2297.00000,96.05000,75.15000,100.24930,
2021-12-13,2297.00000,96.32000,74.39000,100.24930,
2021-12-14,2297.00000,96.57000,73.70000,100.24930,
2021-12-15,2297.00000,96.51000,73.88000,100.24930,
2021-12-16,2297.00000,96.04000,75.02000,100.24930,
2021-12-17,2297.00000,96.57000,73.52000,100.24930,
2021-12-20,2297.00000,96.55000,71.52000,100.24930,
2021-12-21,2297.00000,96.49000,73.98000,100.24930,
2021-12-22,2297.00000,96.08000,75.29000,100.24930,
2021-12-23,2297.00000,96.02000,76.85000,100.24930,
2021-12-24,2297.00000,96.03750,77.28750,100.24930,
2021-12-27,2297.00000,96.09000,78.60000,100.24930,
2021-12-28,2297.00000,96.20000,78.94000,100.24930,
2021-12-29,2297.00000,95.93000,79.23000,100.24930,
2021-12-30,2297.00000,95.97000,79.32000,100.24930,
2021-12-31,2297.00000,95.67000,77.78000,100.24930,
2022-01-03,2297.00000,96.24000,78.98000,100.24930,
2022-01-04,2297.00000,96.29000,80.00000,100.24930,
2022-01-05,2297.00000,96.19000,80.80000,100.24930,
2022-01-06,2297.00000,96.25000,81.99000,100.24930,
2022-01-07,2297.00000,95.74000,81.75000,100.24930,
2022-01-10,2297.00000,95.99000,80.87000,100.24930,
2022-01-11,2297.00000,95.62000,83.72000,100.24930,
2022-01-12,2297.00000,95.00000,84.67000,100.24930,
2022-01-13,2297.00000,94.79000,84.47000,100.24930,
2022-01-14,2297.00000,95.17000,86.06000,100.24930,
2022-01-17,2297.00000,95.59000,87.14750,100.24930,
2022-01-18,2297.00000,95.73000,87.51000,100.24930,
2022-01-19,2297.00000,95.51000,88.44000,100.24930,
2022-01-20,2297.00000,95.74000,88.38000,100.24930,
2022-01-21,2297.00000,95.64000,87.89000,100.24930,
2022-01-24,2297.00000,95.92000,86.27000,100.24930,
2022-01-25,2297.00000,95.95000,88.20000,100.24930,
2022-01-26,2297.00000,96.49000,89.96000,100.24930,
2022-01-27,2297.00000,97.26000,89.34000,100.24930,
2022-01-28,2297.00000,97.27000,90.03000,100.24930,
2022-01-31,2297.00000,96.54000,91.21000,100.24930,
2022-02-01,2297.00000,96.39000,89.16000,100.24930,
2022-02-02,2297.00000,95.94000,89.47000,100.24930,
2022-02-03,2297.00000,95.38000,91.11000,100.24930,
2022-02-04,2297.00000,95.48000,93.27000,100.24930,
2022-02-07,2297.00000,95.40000,92.69000,100.24930,
2022-02-08,2297.00000,95.64000,90.78000,100.24930,
2022-02-09,2297.00000,95.49000,91.55000,100.24930,
2022-02-10,2297.00000,95.55000,91.41000,100.24930,
2022-02-11,2297.00000,96.08000,94.44000,100.24930,
2022-02-14,2297.00000,96.37000,96.48000,100.24930,
2022-02-15,2297.00000,95.99000,93.28000,100.24930,
2022-02-16,2297.00000,95.70000,94.81000,100.24930,
2022-02-17,2297.00000,95.80000,92.97000,100.24930,
2022-02-18,2297.00000,96.04000,93.54000,100.24930,
2022-02-21,2297.00000,96.03250,96.01500,100.24930,
2022-02-22,2297.00000,96.03000,96.84000,100.24930,
2022-02-23,2297.00000,96.19000,96.84000,100.24930,
2022-02-24,2297.00000,97.14000,99.08000,100.24930,
2022-02-25,2297.00000,96.62000,97.93000,100.24930,
2022-02-28,2297.00000,96.71000,100.99000,100.24930,
2022-03-01,2297.00000,97.41000,104.97000,100.24930,
2022-03-02,2297.00000,97.39000,112.93000,100.24930,
2022-03-03,2297.00000,97.79000,110.46000,100.24930,
2022-03-04,2297.00000,98.65000,118.11000,100.24930,
2022-03-07,2297.00000,99.29000,123.21000,100.24930,
2022-03-08,2297.00000,99.06000,127.98000,100.24930,
2022-03-09,2297.00000,97.97000,111.14000,100.24930,
2022-03-10,2297.00000,98.51000,109.33000,100.24930,
2022-03-11,2297.00000,99.12000,112.67000,100.24930,
2022-03-14,2297.00000,99.06000,106.90000,100.24930,
2022-03-15,2297.00000,99.07000,99.91000,100.24930,
2022-03-16,2297.00000,98.38000,98.02000,100.24930,
2022-03-17,2297.00000,98.01000,106.64000,100.24930,
2022-03-18,2297.00000,98.23000,107.93000,100.24930,
2022-03-21,2297.00000,98.50000,115.62000,100.24930,
2022-03-22,2297.00000,98.49000,115.48000,100.24930,
2022-03-23,2297.00000,98.62000,121.60000,100.24930,
2022-03-24,2297.00000,98.79000,119.03000,100.24930,
2022-03-25,2297.00000,98.81000,120.65000,100.24930,
2022-03-28,2297.00000,99.09000,112.48000,100.24930,
2022-03-29,2297.00000,98.40000,110.23000,100.24930,
2022-03-30,2297.00000,97.79000,113.45000,100.24930,
2022-03-31,2297.00000,98.31000,107.91000,100.24930,
2022-04-01,2297.00000,98.63000,104.39000,100.24930,
2022-04-04,2297.00000,98.99000,107.53000,95.66780,
2022-04-05,2297.00000,99.47000,106.64000,95.66780,
2022-04-06,2297.00000,99.60000,101.07000,95.66780,
2022-04-07,2297.00000,99.75000,100.58000,95.66780,
2022-04-08,2297.00000,99.80000,102.78000,95.66780,
2022-04-11,2297.00000,99.93000,98.48000,95.66780,
2022-04-12,2297.00000,100.29000,104.64000,95.66780,
2022-04-13,2297.00000,99.88000,108.78000,95.66780,
2022-04-14,2297.00000,100.32000,111.70000,95.66780,
2022-04-15,2297.00000,100.43500,112.06500,95.66780,
2022-04-18,2297.00000,100.78000,113.16000,95.66780,
2022-04-19,2297.00000,100.96000,107.25000,95.66780,
2022-04-20,2297.00000,100.39000,106.80000,95.66780,
2022-04-21,2297.00000,100.58000,108.33000,95.66780,
2022-04-22,2297.00000,101.22000,106.65000,95.66780,
2022-04-25,2297.00000,101.75000,102.32000,95.66780,
2022-04-26,2297.00000,102.30000,104.99000,95.66780,
2022-04-27,2297.00000,102.95000,105.32000,95.66780,
2022-04-28,2297.00000,103.62000,107.59000,95.66780,
2022-04-29,2297.00000,102.96000,109.34000,95.66780,
2022-05-02,2297.00000,103.74000,107.58000,95.66780,
2022-05-03,2297.00000,103.47000,104.97000,95.66780,
2022-05-04,2297.00000,102.59000,110.14000,95.66780,
2022-05-05,2297.00000,103.75000,110.90000,95.66780,
2022-05-06,2297.00000,103.66000,112.39000,95.66780,
2022-05-09,2297.00000,103.65000,105.94000,95.66780,
2022-05-10,2297.00000,103.92000,102.46000,95.66780,
2022-05-11,2297.00000,103.85000,107.51000,95.66780,
2022-05-12,2297.00000,104.85000,107.45000,95.66780,
2022-05-13,2297.00000,104.56000,111.55000,95.66780,
2022-05-16,2297.00000,104.19000,114.24000,95.66780,
2022-05-17,2297.00000,103.36000,111.93000,95.66780,
2022-05-18,2297.00000,103.81000,109.11000,95.66780,
2022-05-19,2297.00000,102.72000,112.04000,95.66780,
2022-05-20,2297.00000,103.15000,112.55000,95.66780,
2022-05-23,2297.00000,102.08000,113.42000,95.66780,
2022-05-24,2297.00000,101.86000,113.56000,95.66780,
2022-05-25,2297.00000,102.06000,114.03000,95.66780,
2022-05-26,2297.00000,101.83000,117.40000,95.66780,
2022-05-27,2297.00000,101.67000,119.43000,95.66780,
2022-05-30,2297.00000,101.73000,121.98750,95.66780,
2022-05-31,2297.00000,101.75000,122.84000,95.66780,
2022-06-01,2297.00000,102.55000,116.29000,95.66780,
2022-06-02,2297.00000,101.77000,117.61000,95.66780,
2022-06-03,2297.00000,102.14000,119.72000,95.66780,
2022-06-06,2297.00000,102.44000,119.51000,95.66780,
2022-06-07,2297.00000,102.32000,120.57000,95.66780,
2022-06-08,2297.00000,102.54000,123.58000,95.66780,
2022-06-09,2297.00000,103.22000,123.07000,95.66780,
2022-06-10,2297.00000,104.15000,122.01000,95.66780,
2022-06-13,2297.00000,105.08000,122.27000,95.66780,
2022-06-14,2297.00000,105.52000,121.17000,95.66780,
2022-06-15,2297.00000,105.16000,118.51000,95.66780,
2022-06-16,2297.00000,103.63000,119.81000,95.66780,
2022-06-17,2297.00000,104.70000,113.12000,95.66780,
2022-06-20,2297.00000,104.50500,114.26750,95.66780,
2022-06-21,2297.00000,104.44000,114.65000,95.66780,
2022-06-22,2297.00000,104.20000,111.74000,95.66780,
2022-06-23,2297.00000,104.43000,110.05000,95.66780,
2022-06-24,2297.00000,104.19000,113.12000,95.66780,
2022-06-27,2297.00000,103.94000,115.09000,95.66780,
2022-06-28,2297.00000,104.51000,117.98000,95.66780,
2022-06-29,2297.00000,105.11000,116.26000,95.66780,
2022-06-30,2297.00000,104.69000,114.81000,95.66780,
2022-07-01,2297.00000,105.14000,111.63000,95.66780,
2022-07-04,2297.00000,106.16000,104.98500,100.05550,
2022-07-05,2297.00000,106.50000,102.77000,100.05550,
2022-07-06,2297.00000,107.10000,100.69000,100.05550,
2022-07-07,2297.00000,107.13000,104.65000,100.05550,
2022-07-08,2297.00000,107.01000,107.02000,100.05550,
2022-07-11,2297.00000,108.02000,107.10000,100.05550,
2022-07-12,2297.00000,108.07000,99.49000,100.05550,
2022-07-13,2297.00000,107.96000,99.57000,100.05550,
2022-07-14,2297.00000,108.54000,99.10000,100.05550,
2022-07-15,2297.00000,108.06000,101.16000,100.05550,
2022-07-18,2297.00000,107.37000,106.27000,100.05550,
2022-07-19,2297.00000,106.68000,107.35000,100.05550,
2022-07-20,2297.00000,107.08000,106.92000,100.05550,
2022-07-21,2297.00000,106.91000,103.86000,100.05550,
2022-07-22,2297.00000,106.73000,103.20000,100.05550,
2022-07-25,2297.00000,106.48000,105.15000,100.05550,
2022-07-26,2297.00000,107.19000,104.40000,100.05550,
2022-07-27,2297.00000,106.45000,106.62000,100.05550,
2022-07-28,2297.00000,106.35000,107.14000,100.05550,
2022-07-29,2297.00000,105.90000,110.01000,100.05550,
2022-08-01,2297.00000,105.45000,100.03000,100.05550,
2022-08-02,2297.00000,106.24000,100.54000,100.05550,
2022-08-03,2297.00000,106.51000,96.78000,100.05550,
2022-08-04,2297.00000,105.69000,94.12000,100.05550,
2022-08-05,2297.00000,106.62000,94.92000,100.05550,
2022-08-08,2297.00000,106.44000,96.65000,100.05550,
2022-08-09,2297.00000,106.37000,96.31000,100.05550,
2022-08-10,2297.00000,105.20000,97.40000,100.05550,
2022-08-11,2297.00000,105.09000,99.60000,100.05550,
2022-08-12,2297.00000,105.63000,98.15000,100.05550,
2022-08-15,2297.00000,106.55000,95.10000,100.05550,
2022-08-16,2297.00000,106.50000,92.34000,100.05550,
2022-08-17,2297.00000,106.57000,93.65000,100.05550,
2022-08-18,2297.00000,107.48000,96.59000,100.05550,
2022-08-19,2297.00000,108.17000,96.72000,100.05550,
2022-08-22,2297.00000,109.05000,96.48000,100.05550,
2022-08-23,2297.00000,108.62000,100.22000,100.05550,
2022-08-24,2297.00000,108.68000,101.22000,100.05550,
2022-08-25,2297.00000,108.47000,99.34000,100.05550,
2022-08-26,2297.00000,108.80000,100.99000,100.05550,
2022-08-29,2297.00000,108.84000,105.09000,100.05550,
2022-08-30,2297.00000,108.77000,99.31000,100.05550,
2022-08-31,2297.00000,108.70000,96.49000,100.05550,
2022-09-01,2297.00000,109.69000,92.36000,100.05550,
2022-09-02,2297.00000,109.53000,93.02000,100.05550,
2022-09-05,2297.00000,110.04000,92.87750,100.05550,
2022-09-06,2297.00000,110.21000,92.83000,100.05550,
2022-09-07,2297.00000,109.84000,88.00000,100.05550,
2022-09-08,2297.00000,109.71000,89.15000,100.05550,
2022-09-09,2297.00000,109.00000,92.84000,100.05550,
2022-09-12,2297.00000,108.33000,94.00000,100.05550,
2022-09-13,2297.00000,109.82000,93.17000,100.05550,
2022-09-14,2297.00000,109.66000,94.10000,100.05550,
2022-09-15,2297.00000,109.74000,90.84000,100.05550,
2022-09-16,2297.00000,109.76000,91.35000,100.05550,
2022-09-19,2297.00000,109.74000,92.00000,100.05550,
2022-09-20,2297.00000,110.22000,90.62000,100.05550,
2022-09-21,2297.00000,110.64000,89.83000,100.05550,
2022-09-22,2297.00000,111.35000,90.46000,100.05550,
2022-09-23,2297.00000,113.19000,86.15000,100.05550,
2022-09-26,2297.00000,114.10000,84.06000,100.05550,
2022-09-27,2297.00000,114.11000,86.27000,100.05550,
2022-09-28,2297.00000,112.60000,89.32000,100.05550,
2022-09-29,2297.00000,112.25000,88.49000,100.05550,
2022-09-30,2297.00000,112.12000,87.96000,100.05550,
2022-10-03,2297.00000,111.75000,88.86000,100.05550,
2022-10-04,2297.00000,110.07000,91.80000,100.05550,
2022-10-05,2297.00000,111.07000,93.37000,100.05550,
2022-10-06,2297.00000,112.26000,94.42000,100.05550,
2022-10-07,2297.00000,112.80000,97.92000,100.05550,
2022-10-10,2297.00000,113.14000,96.19000,100.05550,
2022-10-11,2297.00000,113.22000,94.29000,100.05550,
2022-10-12,2297.00000,113.32000,92.45000,100.05550,
2022-10-13,2297.00000,112.36000,94.57000,100.05550,
2022-10-14,2297.00000,113.31000,91.63000,100.05550,
2022-10-17,2297.00000,112.04000,91.62000,100.05550,
2022-10-18,2297.00000,112.13000,90.03000,100.05550,
2022-10-19,2297.00000,112.98000,92.41000,100.05550,
2022-10-20,2297.00000,112.88000,92.38000,100.05550,
2022-10-21,2297.00000,112.01000,93.50000,100.05550,
2022-10-24,2297.00000,111.99000,93.26000,100.05550,
2022-10-25,2297.00000,110.95000,93.52000,100.05550,
2022-10-26,2297.00000,109.70000,95.69000,100.05550,
2022-10-27,2297.00000,110.59000,96.96000,100.05550,
2022-10-28,2297.00000,110.67000,95.77000,100.05550,
2022-10-31,2297.00000,111.53000,94.83000,100.05550,
2022-11-01,2297.00000,111.48000,94.65000,100.05550,
2022-11-02,2297.00000,111.35000,96.16000,100.05550,
2022-11-03,2297.00000,112.93000,94.67000,100.05550,
2022-11-04,2297.00000,110.88000,98.57000,100.05550,
2022-11-07,2297.00000,110.12000,97.92000,100.05550,
2022-11-08,2297.00000,109.62000,95.36000,100.05550,
2022-11-09,2297.00000,110.55000,92.65000,100.05550,
2022-11-10,2297.00000,108.21000,93.67000,100.05550,
2022-11-11,2297.00000,106.29000,95.99000,100.05550,
2022-11-14,2297.00000,106.66000,93.14000,100.05550,
2022-11-15,2297.00000,106.40000,93.86000,100.05550,
2022-11-16,2297.00000,106.28000,92.86000,100.05550,
2022-11-17,2297.00000,106.69000,89.78000,100.05550,
2022-11-18,2297.00000,106.93000,87.62000,100.05550,
2022-11-21,2297.00000,107.84000,87.45000,100.05550,
2022-11-22,2297.00000,107.22000,88.36000,100.05550,
2022-11-23,2297.00000,106.08000,85.41000,100.05550,
2022-11-24,2297.00000,106.02000,84.52000,100.05550,
2022-11-25,2297.00000,105.96000,83.63000,100.05550,
2022-11-28,2297.00000,106.68000,83.19000,100.05550,
2022-11-29,2297.00000,106.82000,83.03000,100.05550,
2022-11-30,2297.00000,105.95000,85.43000,100.05550,
2022-12-01,2297.00000,104.73000,86.88000,100.05550,
2022-12-02,2297.00000,104.55000,85.57000,100.05550,
2022-12-05,2297.00000,105.29000,82.68000,100.05550,
2022-12-06,2297.00000,105.58000,79.35000,100.05550,
2022-12-07,2297.00000,105.10000,77.17000,100.05550,
2022-12-08,2297.00000,104.77000,76.15000,100.05550,
2022-12-09,2297.00000,104.81000,76.10000,100.05550,
2022-12-12,2297.00000,105.13000,77.99000,100.05550,
2022-12-13,2297.00000,103.98000,80.68000,100.05550,
2022-12-14,2297.00000,103.77000,82.70000,100.05550,
2022-12-15,2297.00000,104.56000,81.21000,100.05550,
2022-12-16,2297.00000,104.70000,79.04000,100.05550,
2022-12-19,2297.00000,104.72000,79.80000,100.05550,
2022-12-20,2297.00000,103.97000,79.99000,100.05550,
2022-12-21,2297.00000,104.16000,82.20000,100.05550,
2022-12-22,2297.00000,104.43000,80.98000,100.05550,
2022-12-23,2297.00000,104.31000,83.92000,100.05550,
2022-12-26,2297.00000,104.21250,84.22750,100.05550,
2022-12-27,2297.00000,104.18000,84.33000,100.05550,
2022-12-28,2297.00000,104.46000,83.26000,100.05550,
2022-12-29,2297.00000,103.84000,82.26000,100.05550,
2022-12-30,2297.00000,103.52000,85.91000,100.05550,
2023-01-02,2297.00000,104.27000,83.05250,100.05550,
2023-01-03,2297.00000,104.52000,82.10000,100.05550,
2023-01-04,2297.00000,104.25000,77.84000,100.05550,
2023-01-05,2297.00000,105.04000,78.69000,100.05550,
2023-01-06,2297.00000,103.88000,78.57000,100.05550,
2023-01-09,2297.00000,103.00000,79.65000,100.05550,
2023-01-10,2297.00000,103.24000,80.10000,100.05550,
2023-01-11,2297.00000,103.19000,82.67000,100.05550,
2023-01-12,2297.00000,102.25000,84.03000,100.05550,
2023-01-13,2297.00000,102.20000,85.28000,100.05550,
2023-01-16,2297.00000,102.34250,85.76000,100.05550,
2023-01-17,2297.00000,102.39000,85.92000,100.05550,
2023-01-18,2297.00000,102.36000,84.98000,100.05550,
2023-01-19,2297.00000,102.06000,86.16000,100.05550,
2023-01-20,2297.00000,102.01000,87.63000,100.05550,
2023-01-23,2297.00000,102.14000,88.19000,100.05550,
2023-01-24,2297.00000,101.92000,86.13000,100.05550,
2023-01-25,2297.00000,101.64000,86.12000,100.05550,
2023-01-26,2297.00000,101.84000,87.47000,100.05550,
2023-01-27,2297.00000,101.93000,86.66000,100.05550,
2023-01-30,2297.00000,102.28000,84.90000,100.05550,
2023-01-31,2297.00000,102.10000,84.49000,100.05550,
2023-02-01,2297.00000,101.22000,82.84000,100.05550,
2023-02-02,2297.00000,101.75000,82.17000,100.05550,
2023-02-03,2297.00000,102.92000,79.94000,100.05550,
2023-02-06,2297.00000,103.62000,80.99000,100.05550,
2023-02-07,2297.00000,103.43000,83.69000,100.05550,
2023-02-08,2297.00000,103.41000,85.09000,100.05550,
2023-02-09,2297.00000,103.22000,84.50000,100.05550,
2023-02-10,2297.00000,103.63000,86.39000,100.05550,
2023-02-13,2297.00000,103.35000,86.61000,100.05550,
2023-02-14,2297.00000,103.23000,85.58000,100.05550,
2023-02-15,2297.00000,103.92000,85.38000,100.05550,
2023-02-16,2297.00000,103.86000,85.14000,100.05550,
2023-02-17,2297.00000,103.86000,83.00000,100.05550,
2023-02-20,2297.00000,104.10000,83.03750,100.05550,
2023-02-21,2297.00000,104.18000,83.05000,100.05550,
2023-02-22,2297.00000,104.59000,80.60000,100.05550,
2023-02-23,2297.00000,104.60000,82.21000,100.05550,
2023-02-24,2297.00000,105.21000,83.16000,100.05550,
2023-02-27,2297.00000,104.67000,82.45000,100.05550,
2023-02-28,2297.00000,104.87000,83.89000,100.05550,
2023-03-01,2297.00000,104.48000,84.31000,100.05550,
2023-03-02,2297.00000,105.03000,84.75000,100.05550,
2023-03-03,2297.00000,104.52000,85.83000,100.05550,
2023-03-06,2297.00000,104.35000,86.18000,100.05550,
2023-03-07,2297.00000,105.62000,83.29000,100.05550,
2023-03-08,2297.00000,105.66000,82.66000,100.05550,
2023-03-09,2297.00000,105.31000,81.59000,100.05550,
2023-03-10,2297.00000,104.58000,82.78000,100.05550,
2023-03-13,2297.00000,103.60000,80.77000,100.05550,
2023-03-14,2297.00000,103.60000,77.45000,100.05550,
2023-03-15,2297.00000,104.65000,73.69000,100.05550,
2023-03-16,2297.00000,104.42000,74.70000,100.05550,
2023-03-17,2297.00000,103.71000,72.97000,100.05550,
2023-03-20,2297.00000,103.28000,73.79000,100.05550,
2023-03-21,2297.00000,103.26000,75.32000,100.05550,
2023-03-22,2297.00000,102.35000,76.69000,100.05550,
2023-03-23,2297.00000,102.53000,75.91000,100.05550,
2023-03-24,2297.00000,103.12000,74.99000,100.05550,
2023-03-27,2297.00000,102.86000,78.12000,100.05550,
2023-03-28,2297.00000,102.43000,78.65000,100.05550,
2023-03-29,2297.00000,102.64000,78.28000,100.05550,
2023-03-30,2297.00000,102.14000,79.27000,100.05550,
2023-03-31,2297.00000,102.51000,79.77000,100.05550,
2023-04-03,2297.00000,102.09000,84.93000,100.05550,
2023-04-04,2297.00000,101.59000,84.94000,100.05550,
2023-04-05,2297.00000,101.85000,84.99000,100.05550,
2023-04-06,2297.00000,101.82000,85.12000,100.05550,
2023-04-07,2297.00000,102.01000,84.88500,100.05550,
2023-04-10,2297.00000,102.58000,84.18000,100.05550,
2023-04-11,2297.00000,102.20000,85.61000,100.05550,
2023-04-12,2297.00000,101.50000,87.33000,100.05550,
2023-04-13,2297.00000,101.01000,86.09000,100.05550,
2023-04-14,2297.00000,101.55000,86.31000,100.05550,
2023-04-17,2297.00000,102.10000,84.76000,100.05550,
2023-04-18,2297.00000,101.75000,84.77000,100.05550,
2023-04-19,2297.00000,101.97000,83.12000,100.05550,
2023-04-20,2297.00000,101.84000,81.10000,100.05550,
2023-04-21,2297.00000,101.82000,81.66000,100.05550,
2023-04-24,2297.00000,101.35000,82.73000,100.05550,
2023-04-25,2297.00000,101.86000,80.77000,100.05550,
2023-04-26,2297.00000,101.47000,77.69000,100.05550,
2023-04-27,2297.00000,101.50000,78.37000,100.05550,
2023-04-28,2297.00000,101.67000,79.54000,100.05550,
2023-05-01,2297.00000,102.15000,79.31000,100.05550,
2023-05-02,2297.00000,101.96000,75.32000,100.05550,
2023-05-03,2297.00000,101.34000,72.33000,100.05550,
2023-05-04,2297.00000,101.40000,72.50000,100.05550,
2023-05-05,2297.00000,101.21000,75.30000,100.05550,
2023-05-08,2297.00000,101.37000,77.01000,100.05550,
2023-05-09,2297.00000,101.61000,77.44000,100.05550,
2023-05-10,2297.00000,101.48000,76.41000,100.05550,
2023-05-11,2297.00000,102.06000,74.98000,100.05550,
2023-05-12,2297.00000,102.68000,74.17000,100.05550,
2023-05-15,2297.00000,102.43000,75.23000,100.05550,
2023-05-16,2297.00000,102.56000,74.91000,100.05550,
2023-05-17,2297.00000,102.88000,76.96000,100.05550,
2023-05-18,2297.00000,103.58000,75.86000,100.05550,
2023-05-19,2297.00000,103.20000,75.58000,100.05550,
2023-05-22,2297.00000,103.20000,75.99000,100.05550,
2023-05-23,2297.00000,103.49000,76.84000,100.05550,
2023-05-24,2297.00000,103.89000,78.36000,100.05550,
2023-05-25,2297.00000,104.21000,76.26000,100.05550,
2023-05-26,2297.00000,104.21000,76.95000,100.05550,
2023-05-29,2297.00000,104.18000,74.39250,100.05550,
2023-05-30,2297.00000,104.17000,73.54000,100.05550,
2023-05-31,2297.00000,104.32000,72.66000,100.05550,
2023-06-01,2297.00000,103.56000,74.28000,100.05550,
2023-06-02,2297.00000,104.02000,76.13000,100.05550,
2023-06-05,2297.00000,104.00000,76.71000,100.05550,
2023-06-06,2297.00000,104.13000,76.29000,100.05550,
2023-06-07,2297.00000,104.10000,76.95000,100.05550,
2023-06-08,2297.00000,103.34000,75.96000,100.05550,
2023-06-09,2297.00000,103.56000,74.79000,100.05550,
2023-06-12,2297.00000,103.63000,71.84000,100.05550,
2023-06-13,2297.00000,103.34000,74.29000,100.05550,
2023-06-14,2297.00000,103.01000,73.20000,100.05550,
2023-06-15,2297.00000,102.12000,75.67000,100.05550,
2023-06-16,2297.00000,102.30000,76.61000,100.05550,
2023-06-19,2297.00000,102.48000,76.07750,100.05550,
2023-06-20,2297.00000,102.54000,75.90000,100.05550,
2023-06-21,2297.00000,102.07000,77.12000,100.05550,
2023-06-22,2297.00000,102.39000,74.14000,100.05550,
2023-06-23,2297.00000,102.90000,73.85000,100.05550,
2023-06-26,2297.00000,102.69000,74.18000,100.05550,
2023-06-27,2297.00000,102.49000,72.26000,100.05550,
2023-06-28,2297.00000,102.91000,74.03000,100.05550,
2023-06-29,2297.00000,103.34000,74.34000,100.05550,
2023-06-30,2297.00000,102.91000,74.90000,100.05550,
2023-07-03,2297.00000,102.99000,74.65000,100.05550,
2023-07-04,2297.00000,103.18000,75.65000,100.05550,
2023-07-05,2297.00000,103.37000,76.65000,100.05550,
2023-07-06,2297.00000,103.17000,76.52000,100.05550,
2023-07-07,2297.00000,102.27000,78.47000,100.05550,
2023-07-10,2297.00000,101.97000,77.69000,100.05550,
2023-07-11,2297.00000,101.73000,79.40000,100.05550,
2023-07-12,2297.00000,100.52000,80.11000,100.05550,
2023-07-13,2297.00000,99.77000,81.36000,100.05550,
2023-07-14,2297.00000,99.91000,79.87000,100.05550,
2023-07-17,2297.00000,99.84000,78.50000,100.05550,
2023-07-18,2297.00000,99.94000,79.63000,100.05550,
2023-07-19,2297.00000,100.28000,79.46000,100.05550,
2023-07-20,2297.00000,100.88000,79.64000,100.05550,
2023-07-21,2297.00000,101.07000,81.07000,100.05550,
2023-07-24,2297.00000,101.35000,82.74000,100.05550,
2023-07-25,2297.00000,101.35000,83.64000,100.05550,
2023-07-26,2297.00000,100.89000,82.92000,100.05550,
2023-07-27,2297.00000,101.77000,84.24000,100.05550,
2023-07-28,2297.00000,101.62000,84.99000,100.05550,
2023-07-31,2297.00000,101.86000,85.56000,100.05550,
2023-08-01,2297.00000,102.30000,84.91000,100.05550,
2023-08-02,2297.00000,102.59000,83.20000,100.05550,
2023-08-03,2297.00000,102.54000,85.14000,100.05550,
2023-08-04,2297.00000,102.02000,86.24000,100.05550,
2023-08-07,2297.00000,102.05000,85.34000,100.05550,
2023-08-08,2297.00000,102.53000,86.17000,100.05550,
2023-08-09,2297.00000,102.49000,87.55000,100.05550,
2023-08-10,2297.00000,102.52000,86.40000,100.05550,
2023-08-11,2297.00000,102.84000,86.81000,100.05550,
2023-08-14,2297.00000,103.19000,86.21000,100.05550,
2023-08-15,2297.00000,103.21000,84.89000,100.05550,
2023-08-16,2297.00000,103.42000,83.45000,100.05550,
2023-08-17,2297.00000,103.44000,84.12000,100.05550,
2023-08-18,2297.00000,103.38000,84.80000,100.05550,
2023-08-21,2297.00000,103.33000,84.46000,100.05550,
2023-08-22,2297.00000,103.56000,84.03000,100.05550,
2023-08-23,2297.00000,103.36000,83.21000,100.05550,
2023-08-24,2297.00000,103.98000,83.36000,100.05550,
2023-08-25,2297.00000,104.08000,84.48000,100.05550,
2023-08-28,2297.00000,104.06000,84.42000,100.05550,
2023-08-29,2297.00000,103.55000,85.49000,100.05550,
2023-08-30,2297.00000,103.16000,85.86000,100.05550,
2023-08-31,2297.00000,103.62000,86.86000,100.05550,
2023-09-01,2297.00000,104.24000,88.55000,100.05550,
2023-09-04,2297.00000,104.66750,89.66750,100.05550,
2023-09-05,2297.00000,104.81000,90.04000,100.05550,
2023-09-06,2297.00000,104.86000,90.60000,100.05550,
2023-09-07,2297.00000,105.06000,89.92000,100.05550,
2023-09-08,2297.00000,105.09000,90.65000,100.05550,
2023-09-11,2297.00000,104.57000,90.64000,100.05550,
2023-09-12,2297.00000,104.71000,92.06000,100.05550,
2023-09-13,2297.00000,104.77000,91.88000,100.05550,
2023-09-14,2297.00000,105.41000,93.70000,100.05550,
2023-09-15,2297.00000,105.32000,93.93000,100.05550,
2023-09-18,2297.00000,105.20000,94.43000,100.05550,
2023-09-19,2297.00000,105.20000,94.34000,100.05550,
2023-09-20,2297.00000,105.16000,93.53000,100.05550,
2023-09-21,2297.00000,105.36000,93.30000,100.05550,
2023-09-22,2297.00000,105.58000,93.27000,100.05550,
2023-09-25,2297.00000,106.00000,93.29000,100.05550,
2023-09-26,2297.00000,106.23000,93.96000,100.05550,
2023-09-27,2297.00000,106.67000,96.55000,100.05550,
2023-09-28,2297.00000,106.22000,95.38000,100.05550,
2023-09-29,2297.00000,106.17000,95.31000,100.05550,
2023-10-02,2297.00000,106.90000,90.71000,100.05550,
2023-10-03,2297.00000,107.00000,90.92000,100.05550,
2023-10-04,2297.00000,106.80000,85.81000,100.05550,
2023-10-05,2297.00000,106.33000,84.07000,100.05550,
2023-10-06,2297.00000,106.04000,84.58000,100.05550,
2023-10-09,2297.00000,106.08000,88.15000,100.05550,
2023-10-10,2297.00000,105.83000,87.65000,100.05550,
2023-10-11,2297.00000,105.82000,85.82000,100.05550,
2023-10-12,2297.00000,106.57000,86.00000,100.05550,
2023-10-13,2297.00000,106.65000,90.89000,100.05550,
2023-10-16,2297.00000,106.24000,89.65000,100.05550,
2023-10-17,2297.00000,106.25000,89.90000,100.05550,
2023-10-18,2297.00000,106.57000,91.50000,100.05550,
2023-10-19,2297.00000,106.25000,92.38000,100.05550,
2023-10-20,2297.00000,106.16000,92.16000,100.05550,
2023-10-23,2297.00000,105.54000,89.83000,100.05550,
2023-10-24,2297.00000,106.27000,88.07000,100.05550,
2023-10-25,2297.00000,106.53000,90.13000,100.05550,
2023-10-26,2297.00000,106.60000,87.93000,100.05550,
2023-10-27,2297.00000,106.56000,90.48000,100.05550,
2023-10-30,2297.00000,106.12000,87.45000,100.05550,
2023-10-31,2297.00000,106.66000,87.41000,100.05550,
2023-11-01,2297.00000,106.88000,84.63000,100.05550,
2023-11-02,2297.00000,106.12000,86.85000,100.05550,
2023-11-03,2297.00000,105.02000,84.89000,100.05550,
2023-11-06,2297.00000,105.22000,85.18000,100.05550,
2023-11-07,2297.00000,105.54000,81.61000,100.05550,
2023-11-08,2297.00000,105.59000,79.54000,100.05550,
2023-11-09,2297.00000,105.91000,80.01000,100.05550,
2023-11-10,2297.00000,105.86000,81.43000,100.05550,
2023-11-13,2297.00000,105.66000,82.52000,100.05550,
2023-11-14,2297.00000,104.11000,82.47000,100.05550,
2023-11-15,2297.00000,104.39000,81.18000,100.05550,
2023-11-16,2297.00000,104.37000,77.42000,100.05550,
2023-11-17,2297.00000,103.82000,80.61000,100.05550,
2023-11-20,2297.00000,103.47000,82.32000,100.05550,
2023-11-21,2297.00000,103.57000,82.45000,100.05550,
2023-11-22,2297.00000,103.92000,81.96000,100.05550,
2023-11-23,2297.00000,103.66000,81.37000,100.05550,
2023-11-24,2297.00000,103.40000,80.58000,100.05550,
2023-11-27,2297.00000,103.20000,79.98000,100.05550,
2023-11-28,2297.00000,102.75000,81.68000,100.05550,
2023-11-29,2297.00000,102.77000,83.10000,100.05550,
2023-11-30,2297.00000,103.50000,82.83000,100.05550,
2023-12-01,2297.00000,103.27000,78.88000,100.05550,
2023-12-04,2297.00000,103.64000,78.03000,100.05550,
2023-12-05,2297.00000,104.05000,77.20000,100.05550,
2023-12-06,2297.00000,104.15000,74.30000,100.05550,
2023-12-07,2297.00000,103.54000,74.05000,100.05550,
2023-12-08,2297.00000,104.01000,75.84000,100.05550,
2023-12-11,2297.00000,104.10000,76.03000,100.05550,
2023-12-12,2297.00000,103.87000,73.24000,100.05550,
2023-12-13,2297.00000,102.87000,74.26000,100.05550,
2023-12-14,2297.00000,101.96000,76.61000,100.05550,
2023-12-15,2297.00000,102.55000,76.55000,100.05550,
2023-12-18,2297.00000,102.51000,77.95000,100.05550,
2023-12-19,2297.00000,102.17000,79.23000,100.05550,
2023-12-20,2297.00000,102.41000,79.70000,100.05550,
2023-12-21,2297.00000,101.84000,79.39000,100.05550,
2023-12-22,2297.00000,101.70000,79.07000,100.05550,
2023-12-25,2297.00000,101.52750,80.57000,100.05550,
2023-12-26,2297.00000,101.47000,81.07000,100.05550,
2023-12-27,2297.00000,100.99000,79.65000,100.05550,
2023-12-28,2297.00000,101.23000,78.39000,100.05550,
2023-12-29,2297.00000,101.33000,77.04000,100.05550,
2024-01-01,2297.00000,101.98250,76.17750,100.05550,
2024-01-02,2297.00000,102.20000,75.89000,92.70730,
2024-01-03,2297.00000,102.46000,78.25000,92.70730,
2024-01-04,2297.00000,102.42000,77.59000,92.70730,
2024-01-05,2297.00000,102.41000,78.76000,92.70730,
2024-01-08,2297.00000,102.21000,76.12000,92.70730,
2024-01-09,2297.00000,102.57000,77.59000,92.70730,
2024-01-10,2297.00000,102.36000,76.80000,92.70730,
2024-01-11,2297.00000,102.29000,77.41000,92.70730,
2024-01-12,2297.00000,102.40000,78.29000,92.70730,
2024-01-15,2297.00000,103.12000,78.29000,92.70730,
2024-01-16,2297.00000,103.36000,78.29000,92.70730,
2024-01-17,2297.00000,103.45000,77.88000,92.70730,
2024-01-18,2297.00000,103.54000,79.10000,92.70730,
2024-01-19,2297.00000,103.29000,78.56000,92.70730,
2024-01-22,2297.00000,103.33000,80.06000,92.70730,
2024-01-23,2297.00000,103.62000,79.55000,92.70730,
2024-01-24,2297.00000,103.24000,80.04000,92.70730,
2024-01-25,2297.00000,103.57000,82.43000,92.70730,
2024-01-26,2297.00000,103.47000,83.55000,92.70730,
2024-01-29,2297.00000,103.61000,82.40000,92.70730,
2024-01-30,2297.00000,103.40000,82.87000,92.70730,
2024-01-31,2297.00000,103.27000,81.71000,92.70730,
2024-02-01,2297.00000,103.05000,78.70000,92.70730,
2024-02-02,2297.00000,103.92000,77.33000,92.70730,
2024-02-05,2297.00000,104.45000,77.99000,92.70730,
2024-02-06,2297.00000,104.18000,78.59000,92.70730,
2024-02-07,2297.00000,104.04000,79.21000,92.70730,
2024-02-08,2297.00000,104.15000,81.63000,92.70730,
2024-02-09,2297.00000,104.08000,82.19000,92.70730,
2024-02-12,2297.00000,104.17000,82.00000,92.70730,
2024-02-13,2297.00000,104.96000,82.77000,92.70730,
2024-02-14,2297.00000,104.72000,81.60000,92.70730,
2024-02-15,2297.00000,104.30000,82.86000,92.70730,
2024-02-16,2297.00000,104.30000,83.47000,92.70730,
2024-02-19,2297.00000,104.13500,82.62250,92.70730,
2024-02-20,2297.00000,104.08000,82.34000,92.70730,
2024-02-21,2297.00000,104.01000,83.03000,92.70730,
2024-02-22,2297.00000,103.96000,83.67000,92.70730,
2024-02-23,2297.00000,103.94000,81.62000,92.70730,
2024-02-26,2297.00000,103.83000,82.53000,92.70730,
2024-02-27,2297.00000,103.83000,83.65000,92.70730,
2024-02-28,2297.00000,103.98000,83.68000,92.70730,
2024-02-29,2297.00000,104.16000,83.62000,92.70730,
2024-03-01,2297.00000,103.86000,83.55000,92.70730,
2024-03-04,2297.00000,103.83000,82.80000,92.70730,
2024-03-05,2297.00000,103.80000,82.04000,92.70730,
2024-03-06,2297.00000,103.37000,82.96000,92.70730,
2024-03-07,2297.00000,102.82000,82.96000,92.70730,
2024-03-08,2297.00000,102.74000,82.08000,92.70730,
2024-03-11,2297.00000,102.87000,82.21000,92.70730,
2024-03-12,2297.00000,102.96000,81.92000,92.70730,
2024-03-13,2297.00000,102.79000,84.03000,92.70730,
2024-03-14,2297.00000,103.36000,85.42000,92.70730,
2024-03-15,2297.00000,103.43000,85.34000,92.70730,
2024-03-18,2297.00000,103.58000,86.89000,92.70730,
2024-03-19,2297.00000,103.81000,87.38000,92.70730,
2024-03-20,2297.00000,103.41000,85.95000,92.70730,
2024-03-21,2297.00000,104.00000,85.78000,92.70730,
2024-03-22,2297.00000,104.43000,85.43000,92.70730,
2024-03-25,2297.00000,104.23000,86.75000,92.70730,
2024-03-26,2297.00000,104.29000,86.25000,92.70730,
2024-03-27,2297.00000,104.35000,86.09000,92.70730,
2024-03-28,2297.00000,104.55000,87.48000,92.70730,
2024-03-29,2297.00000,104.66750,87.46500,92.70730,
2024-04-01,2297.00000,105.02000,87.42000,92.70730,
2024-04-02,2297.00000,104.82000,88.92000,91.73170,
2024-04-03,2297.00000,104.25000,89.35000,91.73170,
2024-04-04,2297.00000,104.12000,90.65000,91.73170,
2024-04-05,2297.00000,104.30000,91.17000,91.73170,
2024-04-08,2297.00000,104.14000,90.38000,91.73170,
2024-04-09,2297.00000,104.15000,89.42000,91.73170,
2024-04-10,2297.00000,105.25000,90.48000,91.73170,
2024-04-11,2297.00000,105.28000,89.74000,91.73170,
2024-04-12,2297.00000,106.04000,90.45000,91.73170,
2024-04-15,2297.00000,106.21000,90.10000,91.73170,
2024-04-16,2297.00000,106.26000,90.02000,91.73170,
2024-04-17,2297.00000,105.95000,87.29000,91.73170,
2024-04-18,2297.00000,106.15000,87.11000,91.73170,
2024-04-19,2297.00000,106.15000,87.29000,91.73170,
2024-04-22,2297.00000,106.08000,87.00000,91.73170,
2024-04-23,2297.00000,105.69000,88.42000,91.73170,
2024-04-24,2297.00000,105.86000,88.02000,91.73170,
2024-04-25,2297.00000,105.60000,89.01000,91.73170,
2024-04-26,2297.00000,105.94000,89.50000,91.73170,
2024-04-29,2297.00000,105.58000,88.40000,91.73170,
2024-04-30,2297.00000,106.22000,87.86000,91.73170,
2024-05-01,2297.00000,105.76000,83.44000,91.73170,
2024-05-02,2297.00000,105.30000,83.67000,91.73170,
2024-05-03,2297.00000,105.03000,82.96000,91.73170,
2024-05-06,2297.00000,105.05000,83.33000,91.73170,
2024-05-07,2297.00000,105.41000,83.16000,91.73170,
2024-05-08,2297.00000,105.55000,83.58000,91.73170,
2024-05-09,2297.00000,105.23000,83.88000,91.73170,
2024-05-10,2297.00000,105.31000,82.79000,91.73170,
2024-05-13,2297.00000,105.22000,83.36000,91.73170,
2024-05-14,2297.00000,105.01000,82.38000,91.73170,
2024-05-15,2297.00000,104.35000,82.75000,91.73170,
2024-05-16,2297.00000,104.46000,83.27000,91.73170,
2024-05-17,2297.00000,104.45000,83.98000,91.73170,
2024-05-20,2297.00000,104.57000,83.71000,91.73170,
2024-05-21,2297.00000,104.66000,82.88000,91.73170,
2024-05-22,2297.00000,104.94000,81.90000,91.73170,
2024-05-23,2297.00000,105.11000,81.36000,91.73170,
2024-05-24,2297.00000,104.72000,82.12000,91.73170,
2024-05-27,2297.00000,104.63750,83.69500,91.73170,
2024-05-28,2297.00000,104.61000,84.22000,91.73170,
2024-05-29,2297.00000,105.10000,83.60000,91.73170,
2024-05-30,2297.00000,104.72000,81.86000,91.73170,
2024-05-31,2297.00000,104.67000,81.62000,91.73170,
2024-06-03,2297.00000,104.14000,78.36000,91.73170,
2024-06-04,2297.00000,104.11000,77.52000,91.73170,
2024-06-05,2297.00000,104.27000,78.41000,91.73170,
2024-06-06,2297.00000,104.10000,79.87000,91.73170,
2024-06-07,2297.00000,104.89000,79.62000,91.73170,
2024-06-10,2297.00000,105.15000,81.63000,91.73170,
2024-06-11,2297.00000,105.23000,81.92000,91.73170,
2024-06-12,2297.00000,104.65000,82.60000,91.73170,
2024-06-13,2297.00000,105.20000,82.75000,91.73170,
2024-06-14,2297.00000,105.55000,82.62000,91.73170,
2024-06-17,2297.00000,105.32000,84.25000,91.73170,
2024-06-18,2297.00000,105.26000,85.33000,91.73170,
2024-06-19,2297.00000,105.42500,85.52000,91.73170,
2024-06-20,2297.00000,105.59000,85.71000,91.73170,
2024-06-21,2297.00000,105.80000,85.24000,91.73170,
2024-06-24,2297.00000,105.47000,86.01000,91.73170,
2024-06-25,2297.00000,105.61000,85.01000,91.73170,
2024-06-26,2297.00000,106.05000,85.25000,91.73170,
2024-06-27,2297.00000,105.91000,86.39000,91.73170,
2024-06-28,2297.00000,105.87000,86.41000,91.73170,
2024-07-01,2297.00000,105.90000,86.60000,91.73170,
2024-07-02,2297.00000,105.72000,86.24000,94.92040,
2024-07-03,2297.00000,105.40000,87.34000,94.92040,
2024-07-04,2297.00000,105.14000,86.94000,94.92040,
2024-07-05,2297.00000,104.88000,86.54000,94.92040,
2024-07-08,2297.00000,105.01000,85.75000,94.92040,
2024-07-09,2297.00000,105.13000,84.66000,94.92040,
2024-07-10,2297.00000,105.05000,85.08000,94.92040,
2024-07-11,2297.00000,104.44000,85.40000,94.92040,
2024-07-12,2297.00000,104.09000,85.03000,94.92040,
2024-07-15,2297.00000,104.19000,84.85000,94.92040,
2024-07-16,2297.00000,104.27000,83.73000,94.92040,
2024-07-17,2297.00000,103.75000,85.08000,94.92040,
2024-07-18,2297.00000,104.17000,85.11000,94.92040,
2024-07-19,2297.00000,104.40000,82.63000,94.92040,
2024-07-22,2297.00000,104.31000,82.40000,94.92040,
2024-07-23,2297.00000,104.45000,81.01000,94.92040,
2024-07-24,2297.00000,104.39000,81.71000,94.92040,
2024-07-25,2297.00000,104.36000,82.37000,94.92040,
2024-07-26,2297.00000,104.32000,81.13000,94.92040,
2024-07-29,2297.00000,104.56000,79.78000,94.92040,
2024-07-30,2297.00000,104.55000,78.63000,94.92040,
2024-07-31,2297.00000,104.10000,80.72000,94.92040,
2024-08-01,2297.00000,104.42000,79.52000,94.92040,
2024-08-02,2297.00000,103.21000,76.81000,94.92040,
2024-08-05,2297.00000,102.69000,76.30000,94.92040,
2024-08-06,2297.00000,102.97000,76.48000,94.92040,
2024-08-07,2297.00000,103.20000,78.33000,94.92040,
2024-08-08,2297.00000,103.21000,79.16000,94.92040,
2024-08-09,2297.00000,103.14000,79.66000,94.92040,
2024-08-12,2297.00000,103.14000,82.30000,94.92040,
2024-08-13,2297.00000,102.56000,80.69000,94.92040,
2024-08-14,2297.00000,102.57000,79.76000,94.92040,
2024-08-15,2297.00000,102.98000,81.04000,94.92040,
2024-08-16,2297.00000,102.46000,79.68000,94.92040,
2024-08-19,2297.00000,101.89000,77.66000,94.92040,
2024-08-20,2297.00000,101.44000,77.20000,94.92040,
2024-08-21,2297.00000,101.04000,76.05000,94.92040,
2024-08-22,2297.00000,101.51000,77.22000,94.92040,
2024-08-23,2297.00000,100.72000,79.02000,94.92040,
2024-08-26,2297.00000,100.85000,81.43000,94.92040,
2024-08-27,2297.00000,100.55000,79.55000,94.92040,
2024-08-28,2297.00000,101.09000,78.65000,94.92040,
2024-08-29,2297.00000,101.34000,79.94000,94.92040,
2024-08-30,2297.00000,101.70000,78.80000,94.92040,
2024-09-02,2297.00000,101.79750,75.01250,94.92040,
2024-09-03,2297.00000,101.83000,73.75000,94.92040,
2024-09-04,2297.00000,101.36000,72.70000,94.92040,
2024-09-05,2297.00000,101.11000,72.69000,94.92040,
2024-09-06,2297.00000,101.18000,71.06000,94.92040,
2024-09-09,2297.00000,101.55000,71.84000,94.92040,
2024-09-10,2297.00000,101.63000,69.19000,94.92040,
2024-09-11,2297.00000,101.68000,70.61000,94.92040,
2024-09-12,2297.00000,101.37000,71.97000,94.92040,
2024-09-13,2297.00000,101.11000,71.61000,94.92040,
2024-09-16,2297.00000,100.76000,72.75000,94.92040,
2024-09-17,2297.00000,100.89000,73.70000,94.92040,
2024-09-18,2297.00000,100.60000,73.65000,94.92040,
2024-09-19,2297.00000,100.61000,74.88000,94.92040,
2024-09-20,2297.00000,100.72000,74.49000,94.92040,
2024-09-23,2297.00000,100.92000,73.90000,94.92040,
2024-09-24,2297.00000,100.37000,75.17000,94.92040,
2024-09-25,2297.00000,100.92000,73.46000,94.92040,
2024-09-26,2297.00000,100.56000,71.60000,94.92040,
2024-09-27,2297.00000,100.42000,71.98000,94.92040,
2024-09-30,2297.00000,100.78000,71.77000,94.92040,
2024-10-01,2297.00000,101.19000,73.56000,94.92040,
2024-10-02,2297.00000,101.68000,73.90000,99.90320,
2024-10-03,2297.00000,101.99000,77.62000,99.90320,
2024-10-04,2297.00000,102.52000,78.05000,99.90320,
2024-10-07,2297.00000,102.54000,80.93000,99.90320,
2024-10-08,2297.00000,102.55000,77.18000,99.90320,
2024-10-09,2297.00000,102.93000,76.58000,99.90320,
2024-10-10,2297.00000,102.99000,79.40000,99.90320,
2024-10-11,2297.00000,102.89000,79.04000,99.90320,
2024-10-14,2297.00000,103.30000,77.46000,99.90320,
2024-10-15,2297.00000,103.26000,74.25000,99.90320,
2024-10-16,2297.00000,103.59000,74.22000,99.90320,
2024-10-17,2297.00000,103.83000,74.45000,99.90320,
2024-10-18,2297.00000,103.49000,73.06000,99.90320,
2024-10-21,2297.00000,104.01000,74.29000,99.90320,
2024-10-22,2297.00000,104.08000,76.04000,99.90320,
2024-10-23,2297.00000,104.43000,74.96000,99.90320,
2024-10-24,2297.00000,104.06000,74.38000,99.90320,
2024-10-25,2297.00000,104.26000,76.05000,99.90320,
2024-10-28,2297.00000,104.32000,71.42000,99.90320,
2024-10-29,2297.00000,104.28000,71.12000,99.90320,
2024-10-30,2297.00000,103.99000,72.55000,99.90320,
2024-10-31,2297.00000,103.98000,73.16000,99.90320,
2024-11-01,2297.00000,104.28000,73.10000,99.90320,
2024-11-04,2297.00000,103.89000,75.08000,99.90320,
2024-11-05,2297.00000,103.42000,75.53000,99.90320,
2024-11-06,2297.00000,105.09000,74.92000,99.90320,
2024-11-07,2297.00000,104.51000,75.63000,99.90320,
2024-11-08,2297.00000,105.00000,73.87000,99.90320,
2024-11-11,2297.00000,105.54000,71.83000,99.90320,
2024-11-12,2297.00000,106.02000,71.89000,99.90320,
2024-11-13,2297.00000,106.48000,72.28000,99.90320,
2024-11-14,2297.00000,106.67000,72.56000,99.90320,
2024-11-15,2297.00000,106.69000,71.04000,99.90320,
2024-11-18,2297.00000,106.28000,73.30000,99.90320,
2024-11-19,2297.00000,106.21000,73.31000,99.90320,
2024-11-20,2297.00000,106.68000,72.81000,99.90320,
2024-11-21,2297.00000,106.97000,74.23000,99.90320,
2024-11-22,2297.00000,107.49000,75.17000,99.90320,
2024-11-25,2297.00000,106.82000,73.01000,99.90320,
2024-11-26,2297.00000,107.01000,72.81000,99.90320,
2024-11-27,2297.00000,106.08000,72.83000,99.90320,
2024-11-28,2297.00000,105.91000,72.88500,99.90320,
2024-11-29,2297.00000,105.74000,72.94000,99.90320,
2024-12-02,2297.00000,106.45000,71.83000,99.90320,
2024-12-03,2297.00000,106.37000,73.62000,99.90320,
2024-12-04,2297.00000,106.34000,72.31000,99.90320,
2024-12-05,2297.00000,105.71000,72.09000,99.90320,
2024-12-06,2297.00000,105.97000,71.12000,99.90320,
2024-12-09,2297.00000,106.15000,72.14000,99.90320,
2024-12-10,2297.00000,106.40000,72.19000,99.90320,
2024-12-11,2297.00000,106.71000,73.52000,99.90320,
2024-12-12,2297.00000,106.96000,73.41000,99.90320,
2024-12-13,2297.00000,107.00000,74.49000,99.90320,
2024-12-16,2297.00000,106.86000,73.91000,99.90320,
2024-12-17,2297.00000,106.96000,73.19000,99.90320,
2024-12-18,2297.00000,108.03000,73.39000,99.90320,
2024-12-19,2297.00000,108.41000,72.88000,99.90320,
2024-12-20,2297.00000,107.62000,72.94000,99.90320,
2024-12-23,2297.00000,108.04000,72.63000,99.90320,
2024-12-24,2297.00000,108.26000,73.58000,99.90320,
2024-12-25,2297.00000,108.19500,73.42000,99.90320,
2024-12-26,2297.00000,108.13000,73.26000,99.90320,
2024-12-27,2297.00000,108.00000,74.17000,99.90320,
2024-12-30,2297.00000,108.13000,74.39000,99.90320,
2024-12-31,2297.00000,108.49000,74.64000,99.90320,
2025-01-01,2297.00000,108.94000,75.28500,99.90320,
2025-01-02,2297.00000,109.39000,75.93000,103.77620,
2025-01-03,2297.00000,108.95000,76.51000,103.77620,
2025-01-06,2297.00000,108.26000,76.30000,103.77620,
2025-01-07,2297.00000,108.54000,77.05000,103.77620,
2025-01-08,2297.00000,109.09000,76.16000,103.77620,
2025-01-09,2297.00000,109.18000,76.92000,103.77620,
2025-01-10,2297.00000,109.65000,79.76000,103.77620,
2025-01-13,2297.00000,109.96000,81.01000,103.77620,
2025-01-14,2297.00000,109.27000,79.92000,103.77620,
2025-01-15,2297.00000,109.09000,82.03000,103.77620,
2025-01-16,2297.00000,108.96000,81.29000,103.77620,
2025-01-17,2297.00000,109.35000,80.79000,103.77620,
2025-01-20,2297.00000,108.38250,79.66500,103.77620,
2025-01-21,2297.00000,108.06000,79.29000,103.77620,
2025-01-22,2297.00000,108.17000,79.00000,103.77620,
2025-01-23,2297.00000,108.05000,78.29000,103.77620,
2025-01-24,2297.00000,107.44000,78.50000,103.77620,
2025-01-27,2297.00000,107.34000,77.08000,103.77620,
2025-01-28,2297.00000,107.87000,77.49000,103.77620,
2025-01-29,2297.00000,108.00000,76.58000,103.77620,
2025-01-30,2297.00000,107.80000,76.87000,103.77620,
2025-01-31,2297.00000,108.37000,76.76000,103.77620,
2025-02-03,2297.00000,108.99000,75.96000,103.77620,
2025-02-04,2297.00000,107.96000,76.20000,103.77620,
2025-02-05,2297.00000,107.58000,74.61000,103.77620,
2025-02-06,2297.00000,107.69000,74.29000,103.77620,
2025-02-07,2297.00000,108.04000,74.66000,103.77620,
2025-02-10,2297.00000,108.32000,75.87000,103.77620,
2025-02-11,2297.00000,107.96000,77.00000,103.77620,
2025-02-12,2297.00000,107.94000,75.18000,103.77620,
2025-02-13,2297.00000,107.31000,75.02000,103.77620,
2025-02-14,2297.00000,106.57000,74.74000,103.77620,
2025-02-17,2297.00000,106.93000,75.56500,103.77620,
2025-02-18,2297.00000,107.05000,75.84000,103.77620,
2025-02-19,2297.00000,107.17000,76.04000,103.77620,
2025-02-20,2297.00000,106.34000,76.48000,103.77620,
2025-02-21,2297.00000,106.61000,74.43000,103.77620,
2025-02-24,2297.00000,106.60000,74.78000,103.77620,
2025-02-25,2297.00000,106.31000,73.02000,103.77620,
2025-02-26,2297.00000,106.42000,72.53000,103.77620,
2025-02-27,2297.00000,107.24000,74.04000,103.77620,
2025-02-28,2297.00000,107.61000,73.18000,103.77620,
2025-03-03,2297.00000,106.75000,71.62000,103.77620,
2025-03-04,2297.00000,105.74000,71.04000,103.77620,
2025-03-05,2297.00000,105.74000,69.30000,103.77620,
2025-03-06,2297.00000,104.06000,69.46000,103.77620,
2025-03-07,2297.00000,103.84000,70.36000,103.77620,
2025-03-10,2297.00000,103.91000,69.28000,103.77620,
2025-03-11,2297.00000,103.44000,69.56000,103.77620,
2025-03-12,2297.00000,103.61000,70.95000,103.77620,
2025-03-13,2297.00000,103.83000,69.88000,103.77620,
2025-03-14,2297.00000,103.72000,70.58000,103.77620,
2025-03-17,2297.00000,103.37000,71.07000,103.77620,
2025-03-18,2297.00000,103.24000,70.56000,103.77620,
2025-03-19,2297.00000,103.43000,70.78000,103.77620,
2025-03-20,2297.00000,103.85000,72.00000,103.77620,
2025-03-21,2297.00000,104.09000,72.16000,103.77620,
2025-03-24,2297.00000,104.26000,73.00000,103.77620,
2025-03-25,2297.00000,104.18000,73.02000,103.77620,
2025-03-26,2297.00000,104.55000,73.79000,103.77620,
2025-03-27,2297.00000,104.07000,74.03000,103.77620,
2025-03-28,2297.00000,104.04000,73.63000,103.77620,
2025-03-31,2297.00000,104.21000,74.74000,103.77620,
2025-04-01,2297.00000,104.26000,74.49000,103.77620,
2025-04-02,2297.00000,103.81000,74.95000,103.77620,
2025-04-03,2297.00000,102.07000,70.14000,103.77620,
2025-04-04,2297.00000,103.02000,65.58000,103.77620,
2025-04-07,2297.00000,103.26000,64.21000,103.77620,
2025-04-08,2297.00000,102.96000,62.82000,103.77620,
2025-04-09,2297.00000,102.90000,65.48000,103.77620,
2025-04-10,2297.00000,100.87000,63.33000,103.77620,
2025-04-11,2297.00000,99.78000,64.76000,103.77620,
2025-04-14,2297.00000,99.64000,64.88000,103.77620,
2025-04-15,2297.00000,100.22000,64.67000,103.77620,
2025-04-16,2297.00000,99.38000,65.85000,103.77620,
2025-04-17,2297.00000,99.38000,67.96000,103.77620,
2025-04-18,2297.00000,99.10500,67.53500,103.77620,
2025-04-21,2297.00000,98.28000,66.26000,103.77620,
2025-04-22,2297.00000,98.92000,67.44000,103.77620,
2025-04-23,2297.00000,99.84000,66.12000,103.77620,
2025-04-24,2297.00000,99.29000,66.55000,103.77620,
2025-04-25,2297.00000,99.47000,66.87000,103.77620,
2025-04-28,2297.00000,99.01000,65.86000,103.77620,
2025-04-29,2297.00000,99.24000,64.25000,103.77620,
2025-04-30,2297.00000,99.47000,63.12000,103.77620,
2025-05-01,2297.00000,100.25000,62.13000,103.77620,
2025-05-02,2297.00000,100.00000,61.29000,103.77620,
2025-05-05,2297.00000,99.83000,60.23000,103.77620,
2025-05-06,2297.00000,99.24000,62.15000,103.77620,
2025-05-07,2297.00000,99.61000,61.12000,103.77620,
2025-05-08,2297.00000,100.64000,62.84000,103.77620,
2025-05-09,2297.00000,100.34000,63.91000,103.77620,
2025-05-12,2297.00000,101.79000,64.96000,103.77620,
2025-05-13,2297.00000,101.00000,66.63000,103.77620,
2025-05-14,2297.00000,101.04000,66.09000,103.77620,
2025-05-15,2297.00000,100.88000,64.53000,103.77620,
2025-05-16,2297.00000,101.09000,65.41000,103.77620,
2025-05-19,2297.00000,100.43000,65.54000,103.77620,
2025-05-20,2297.00000,100.12000,65.38000,103.77620,
2025-05-21,2297.00000,99.56000,64.91000,103.77620,
2025-05-22,2297.00000,99.96000,64.44000,103.77620,
2025-05-23,2297.00000,99.11000,64.78000,103.77620,
2025-05-26,2297.00000,98.93000,64.26250,103.77620,
2025-05-27,2297.00000,99.52000,64.09000,103.77620,
2025-05-28,2297.00000,99.88000,64.90000,103.77620,
2025-05-29,2297.00000,99.28000,64.15000,103.77620,
2025-05-30,2297.00000,99.33000,63.90000,103.77620,
2025-06-02,2297.00000,98.70000,64.63000,103.77620,
2025-06-03,2297.00000,99.25000,65.63000,103.77620,
2025-06-04,2297.00000,98.79000,64.86000,103.77620,
2025-06-05,2297.00000,98.74000,65.34000,103.77620,
2025-06-06,2297.00000,99.19000,66.47000,103.77620,
2025-06-09,2297.00000,98.94000,67.04000,103.77620,
2025-06-10,2297.00000,99.05000,66.87000,103.77620,
2025-06-11,2297.00000,98.63000,69.77000,103.77620,
2025-06-12,2297.00000,97.92000,69.36000,103.77620,
2025-06-13,2297.00000,98.18000,74.23000,103.77620,
2025-06-16,2297.00000,98.00000,73.23000,103.77620,
2025-06-17,2297.00000,98.82000,76.45000,103.77620,
2025-06-18,2297.00000,98.91000,76.70000,103.77620,
2025-06-19,2297.00000,98.81000,76.85500,103.77620,
2025-06-20,2297.00000,98.71000,77.01000,103.77620,
2025-06-23,2297.00000,98.42000,71.48000,103.77620,
2025-06-24,2297.00000,97.86000,67.14000,103.77620,
2025-06-25,2297.00000,97.68000,67.68000,103.77620,
2025-06-26,2297.00000,97.15000,67.73000,103.77620,
2025-06-27,2297.00000,97.40000,67.77000,103.77620,
2025-06-30,2297.00000,96.88000,67.61000,103.77620,
2025-07-01,2297.00000,96.82000,67.11000,103.77620,
2025-07-02,2297.00000,96.78000,69.11000,103.77620,
2025-07-03,2297.00000,97.18000,68.80000,103.77620,
2025-07-04,2297.00000,97.25500,68.29000,103.77620,
2025-07-07,2297.00000,97.48000,69.58000,103.77620,
2025-07-08,2297.00000,97.51000,70.15000,103.77620,
2025-07-09,2297.00000,97.47000,70.19000,103.77620,
2025-07-10,2297.00000,97.65000,68.64000,103.77620,
2025-07-11,2297.00000,97.85000,70.36000,103.77620,
2025-07-14,2297.00000,98.08000,69.21000,103.77620,
2025-07-15,2297.00000,98.62000,68.71000,103.77620,
2025-07-16,2297.00000,98.30000,68.77000,103.77620,
