Price,Open,High,Low,Close,Volume
Ticker,Znc=F,Znc=F,Znc=F,Znc=F,Znc=F
DateTime,,,,,
2015-06-29 00:00,2077.0000,2077.0000,2039.0000,2072.0000,1
2015-06-30 00:00,2025.5000,2025.5000,2025.5000,2025.5000,0
2015-07-01 00:00,2070.0000,2070.0000,2070.0000,2070.0000,0
2015-07-02 00:00,2072.5000,2072.5000,2072.5000,2072.5000,2
2015-07-06 00:00,2026.0000,2035.0000,2026.0000,2035.0000,2
2015-07-07 00:00,1991.0000,1991.0000,1962.5000,1962.5000,1
2015-07-08 00:00,2007.5000,2007.5000,2007.5000,2007.5000,0
2015-07-09 00:00,2032.5000,2032.5000,2032.5000,2032.5000,0
2015-07-10 00:00,2019.5000,2035.0000,2019.5000,2035.0000,30
2015-07-13 00:00,2077.5000,2077.5000,2077.5000,2077.5000,0
2015-07-14 00:00,2080.0000,2080.0000,2080.0000,2080.0000,0
2015-07-15 00:00,2102.5000,2102.5000,2102.5000,2102.5000,0
2015-07-16 00:00,2096.0000,2096.0000,2095.5000,2095.5000,1
2015-07-17 00:00,2087.5000,2087.5000,2087.5000,2087.5000,0
2015-07-20 00:00,2066.0000,2075.0000,2066.0000,2075.0000,2
2015-07-21 00:00,2072.5000,2072.5000,2059.0000,2059.0000,1
2015-07-22 00:00,2026.0000,2026.0000,2026.0000,2026.0000,0
2015-07-23 00:00,2006.0000,2006.0000,2006.0000,2006.0000,0
2015-07-24 00:00,2000.0000,2000.0000,2000.0000,2000.0000,1
2015-07-27 00:00,1965.0000,1965.0000,1956.5000,1956.5000,3
2015-07-28 00:00,1980.5000,2000.0000,1980.5000,2000.0000,2
2015-07-29 00:00,1990.0000,1990.0000,1990.0000,1990.0000,0
2015-07-30 00:00,1972.5000,1972.5000,1972.5000,1972.5000,0
2015-07-31 00:00,1940.0000,1940.0000,1940.0000,1940.0000,0
2015-08-03 00:00,1921.0000,1921.0000,1921.0000,1921.0000,0
2015-08-04 00:00,1943.0000,1948.0000,1937.0000,1937.0000,47
2015-08-05 00:00,1915.5000,1915.5000,1915.5000,1915.5000,0
2015-08-06 00:00,1890.0000,1890.0000,1890.0000,1890.0000,0
2015-08-07 00:00,1881.0000,1881.0000,1881.0000,1881.0000,0
2015-08-10 00:00,1908.5000,1910.0000,1908.5000,1910.0000,2
2015-08-11 00:00,1830.0000,1830.0000,1830.0000,1830.0000,0
2015-08-12 00:00,1829.5000,1850.0000,1829.5000,1850.0000,20
2015-08-13 00:00,1850.0000,1850.0000,1850.0000,1850.0000,0
2015-08-14 00:00,1850.0000,1850.0000,1850.0000,1850.0000,0
2015-08-17 00:00,1835.0000,1835.0000,1835.0000,1835.0000,0
2015-08-18 00:00,1785.5000,1785.5000,1785.5000,1785.5000,0
2015-08-19 00:00,1809.0000,1809.0000,1805.0000,1805.0000,20
2015-08-20 00:00,1840.0000,1840.0000,1837.5000,1837.5000,1
2015-08-21 00:00,1782.5000,1782.5000,1782.5000,1782.5000,0
2015-08-24 00:00,1733.0000,1733.0000,1733.0000,1733.0000,0
2015-08-25 00:00,1753.0000,1753.0000,1753.0000,1753.0000,0
2015-08-26 00:00,1723.0000,1723.0000,1702.5000,1702.5000,4
2015-08-27 00:00,1762.5000,1762.5000,1762.5000,1762.5000,0
2015-08-28 00:00,1820.5000,1822.5000,1814.0000,1822.5000,25
2015-08-31 00:00,1822.5000,1822.5000,1822.5000,1822.5000,0
2015-09-01 00:00,1822.5000,1822.5000,1822.5000,1822.5000,0
2015-09-02 00:00,1832.5000,1832.5000,1832.5000,1832.5000,0
2015-09-03 00:00,1832.5000,1832.5000,1832.5000,1832.5000,0
2015-09-04 00:00,1797.5000,1797.5000,1797.5000,1797.5000,0
2015-09-08 00:00,1827.5000,1827.5000,1827.5000,1827.5000,0
2015-09-09 00:00,1830.0000,1830.0000,1830.0000,1830.0000,0
2015-09-10 00:00,1825.0000,1825.0000,1825.0000,1825.0000,0
2015-09-11 00:00,1825.0000,1825.0000,1825.0000,1825.0000,0
2015-09-14 00:00,1765.0000,1767.0000,1765.0000,1765.0000,1
2015-09-15 00:00,1748.5000,1748.5000,1748.5000,1748.5000,0
2015-09-16 00:00,1759.5000,1759.5000,1745.0000,1755.0000,13
2015-09-17 00:00,1729.5000,1753.5000,1729.5000,1737.5000,35
2015-09-18 00:00,1695.0000,1695.0000,1695.0000,1695.0000,4
2015-09-21 00:00,1682.0000,1682.0000,1670.0000,1670.0000,2
2015-09-22 00:00,1637.5000,1637.5000,1630.0000,1637.5000,1
2015-09-23 00:00,1657.5000,1657.5000,1657.5000,1657.5000,0
2015-09-24 00:00,1682.5000,1682.5000,1682.5000,1682.5000,0
2015-09-25 00:00,1630.0000,1630.0000,1630.0000,1630.0000,0
2015-09-28 00:00,1625.0000,1627.5000,1625.0000,1627.5000,18
2015-09-29 00:00,1631.5000,1657.0000,1631.5000,1650.0000,7
2015-09-30 00:00,1693.5000,1693.5000,1693.5000,1693.5000,0
2015-10-01 00:00,1684.0000,1684.0000,1684.0000,1684.0000,0
2015-10-02 00:00,1687.5000,1687.5000,1687.5000,1687.5000,0
2015-10-05 00:00,1666.0000,1666.0000,1666.0000,1666.0000,0
2015-10-06 00:00,1647.0000,1647.0000,1647.0000,1647.0000,0
2015-10-07 00:00,1688.5000,1688.5000,1688.5000,1688.5000,0
2015-10-08 00:00,1663.0000,1663.0000,1663.0000,1663.0000,0
2015-10-09 00:00,1839.0000,1839.0000,1839.0000,1839.0000,0
2015-10-12 00:00,1838.0000,1838.0000,1838.0000,1838.0000,0
2015-10-13 00:00,1816.5000,1816.5000,1816.5000,1816.5000,0
2015-10-14 00:00,1816.5000,1816.5000,1816.5000,1816.5000,0
2015-10-15 00:00,1819.5000,1819.5000,1819.5000,1819.5000,0
2015-10-16 00:00,1807.0000,1807.0000,1807.0000,1807.0000,0
2015-10-19 00:00,1807.0000,1807.0000,1807.0000,1807.0000,0
2015-10-20 00:00,1771.0000,1771.0000,1771.0000,1771.0000,0
2015-10-21 00:00,1721.5000,1721.5000,1721.5000,1721.5000,0
2015-10-22 00:00,1748.5000,1748.5000,1748.5000,1748.5000,0
2015-10-23 00:00,1752.5000,1752.5000,1752.5000,1752.5000,0
2015-10-26 00:00,1737.0000,1737.0000,1737.0000,1737.0000,0
2015-10-27 00:00,1743.5000,1743.5000,1743.5000,1743.5000,0
2015-10-28 00:00,1753.0000,1753.0000,1753.0000,1753.0000,0
2015-10-30 00:00,1704.0000,1704.0000,1704.0000,1704.0000,0
2015-11-02 00:00,1699.0000,1699.0000,1699.0000,1699.0000,0
2015-11-03 00:00,1696.5000,1696.5000,1696.5000,1696.5000,0
2015-11-04 00:00,1683.5000,1683.5000,1683.5000,1683.5000,0
2015-11-05 00:00,1683.5000,1683.5000,1683.5000,1683.5000,0
2015-11-06 00:00,1683.5000,1683.5000,1683.5000,1683.5000,0
2015-11-09 00:00,1655.0000,1655.0000,1655.0000,1655.0000,0
2015-11-10 00:00,1616.0000,1616.0000,1616.0000,1616.0000,16
2015-11-11 00:00,1632.5000,1632.5000,1632.5000,1632.5000,0
2015-11-12 00:00,1618.0000,1618.0000,1618.0000,1618.0000,0
2015-11-13 00:00,1626.5000,1626.5000,1626.5000,1626.5000,0
2015-11-16 00:00,1591.0000,1591.0000,1591.0000,1591.0000,0
2015-11-17 00:00,1554.5000,1554.5000,1554.5000,1554.5000,0
2015-11-18 00:00,1516.5000,1516.5000,1516.5000,1516.5000,0
2015-11-19 00:00,1532.0000,1532.0000,1532.0000,1532.0000,0
2015-11-20 00:00,1561.5000,1561.5000,1561.5000,1561.5000,0
2015-11-23 00:00,1547.0000,1547.0000,1547.0000,1547.0000,0
2015-11-24 00:00,1586.0000,1586.0000,1586.0000,1586.0000,0
2015-11-25 00:00,1578.0000,1578.0000,1578.0000,1578.0000,4
2015-11-27 00:00,1563.5000,1563.5000,1563.5000,1563.5000,0
2015-11-30 00:00,1562.5000,1562.5000,1562.5000,1562.5000,0
2015-12-01 00:00,1575.0000,1575.0000,1575.0000,1575.0000,0
2015-12-02 00:00,1557.5000,1557.5000,1557.5000,1557.5000,4
2015-12-03 00:00,1522.0000,1522.0000,1522.0000,1522.0000,4
2015-12-04 00:00,1554.0000,1554.0000,1554.0000,1554.0000,0
2015-12-07 00:00,1532.5000,1532.5000,1532.5000,1532.5000,0
2015-12-08 00:00,1537.0000,1537.0000,1537.0000,1537.0000,0
2015-12-09 00:00,1538.5000,1538.5000,1538.5000,1538.5000,0
2015-12-10 00:00,1538.0000,1538.0000,1538.0000,1538.0000,0
2015-12-11 00:00,1557.5000,1557.5000,1557.5000,1557.5000,0
2015-12-14 00:00,1554.5000,1554.5000,1554.5000,1554.5000,0
2015-12-15 00:00,1509.5000,1509.5000,1509.5000,1509.5000,0
2015-12-16 00:00,1518.5000,1518.5000,1518.5000,1518.5000,0
2015-12-17 00:00,1496.5000,1496.5000,1496.5000,1496.5000,0
2015-12-18 00:00,1520.5000,1520.5000,1520.5000,1520.5000,0
2015-12-21 00:00,1536.0000,1536.0000,1536.0000,1536.0000,0
2015-12-22 00:00,1523.0000,1523.0000,1523.0000,1523.0000,0
2015-12-23 00:00,1558.0000,1558.0000,1558.0000,1558.0000,0
2015-12-24 00:00,1558.0000,1558.0000,1558.0000,1558.0000,0
2015-12-28 00:00,1558.0000,1558.0000,1558.0000,1558.0000,0
2015-12-29 00:00,1558.0000,1558.0000,1558.0000,1558.0000,0
2016-01-04 00:00,1577.5000,1577.5000,1577.5000,1577.5000,0
2016-01-05 00:00,1578.5000,1578.5000,1578.5000,1578.5000,0
2016-01-06 00:00,1554.0000,1554.0000,1554.0000,1554.0000,0
2016-01-07 00:00,1510.0000,1510.0000,1510.0000,1510.0000,0
2016-01-08 00:00,1513.0000,1513.0000,1513.0000,1513.0000,0
2016-01-11 00:00,1476.5000,1476.5000,1476.5000,1476.5000,0
2016-01-12 00:00,1461.5000,1461.5000,1461.5000,1461.5000,0
2016-01-13 00:00,1490.5000,1490.5000,1490.5000,1490.5000,0
2016-01-14 00:00,1505.5000,1505.5000,1505.5000,1505.5000,6
2016-01-15 00:00,1489.0000,1489.0000,1480.5000,1480.5000,6
2016-01-19 00:00,1510.5000,1510.5000,1510.5000,1510.5000,0
2016-01-20 00:00,1485.5000,1485.5000,1485.5000,1485.5000,0
2016-01-21 00:00,1510.0000,1510.0000,1510.0000,1510.0000,6
2016-01-22 00:00,1511.5000,1511.5000,1511.5000,1511.5000,0
2016-01-25 00:00,1514.5000,1514.5000,1514.5000,1514.5000,0
2016-01-26 00:00,1585.5000,1585.5000,1585.5000,1585.5000,0
2016-01-27 00:00,1609.0000,1609.0000,1609.0000,1609.0000,0
2016-01-29 00:00,1623.5000,1623.5000,1623.5000,1623.5000,0
2016-02-01 00:00,1649.0000,1649.0000,1649.0000,1649.0000,0
2016-02-02 00:00,1669.5000,1669.5000,1669.5000,1669.5000,0
2016-02-03 00:00,1696.5000,1696.5000,1696.5000,1696.5000,0
2016-02-04 00:00,1696.5000,1696.5000,1696.5000,1696.5000,0
2016-02-05 00:00,1696.5000,1696.5000,1696.5000,1696.5000,0
2016-02-08 00:00,1725.5000,1725.5000,1725.5000,1725.5000,0
2016-02-09 00:00,1688.0000,1688.0000,1688.0000,1688.0000,0
2016-02-10 00:00,1703.5000,1703.5000,1703.5000,1703.5000,0
2016-02-11 00:00,1704.5000,1704.5000,1704.5000,1704.5000,0
2016-02-12 00:00,1703.0000,1703.0000,1703.0000,1703.0000,0
2016-02-16 00:00,1672.0000,1672.0000,1672.0000,1672.0000,0
2016-02-17 00:00,1645.0000,1645.0000,1645.0000,1645.0000,0
2016-02-18 00:00,1689.5000,1689.5000,1689.5000,1689.5000,0
2016-02-19 00:00,1740.5000,1740.5000,1740.5000,1740.5000,0
2016-02-22 00:00,1776.5000,1776.5000,1776.5000,1776.5000,0
2016-02-23 00:00,1734.0000,1734.0000,1734.0000,1734.0000,0
2016-02-24 00:00,1753.5000,1753.5000,1753.5000,1753.5000,0
2016-02-25 00:00,1747.0000,1747.0000,1747.0000,1747.0000,5
2016-02-26 00:00,1757.0000,1757.5000,1757.0000,1757.5000,5
2016-02-29 00:00,1762.0000,1762.0000,1762.0000,1762.0000,0
2016-03-01 00:00,1783.5000,1783.5000,1783.5000,1783.5000,0
2016-03-02 00:00,1814.5000,1814.5000,1814.5000,1814.5000,0
2016-03-03 00:00,1835.5000,1835.5000,1835.5000,1835.5000,0
2016-03-04 00:00,1846.5000,1846.5000,1846.5000,1846.5000,0
2016-03-07 00:00,1812.5000,1812.5000,1812.5000,1812.5000,0
2016-03-08 00:00,1764.5000,1764.5000,1764.5000,1764.5000,0
2016-03-09 00:00,1801.5000,1801.5000,1801.5000,1801.5000,0
2016-03-10 00:00,1764.0000,1764.0000,1764.0000,1764.0000,0
2016-03-11 00:00,1801.5000,1801.5000,1801.5000,1801.5000,0
2016-03-14 00:00,1784.5000,1784.5000,1784.5000,1784.5000,0
2016-03-15 00:00,1748.5000,1748.5000,1748.5000,1748.5000,0
2016-03-16 00:00,1756.5000,1756.5000,1756.5000,1756.5000,0
2016-03-17 00:00,1817.0000,1817.0000,1817.0000,1817.0000,0
2016-03-18 00:00,1845.0000,1845.0000,1845.0000,1845.0000,0
2016-03-21 00:00,1870.0000,1870.0000,1870.0000,1870.0000,0
2016-03-22 00:00,1866.5000,1866.5000,1866.5000,1866.5000,0
2016-03-23 00:00,1822.5000,1822.5000,1822.5000,1822.5000,0
2016-03-24 00:00,1788.0000,1788.0000,1788.0000,1788.0000,0
2016-03-28 00:00,1788.0000,1788.0000,1788.0000,1788.0000,0
2016-03-29 00:00,1777.5000,1777.5000,1777.5000,1777.5000,0
2016-04-01 00:00,1871.5000,1871.5000,1871.5000,1871.5000,0
2016-04-04 00:00,1857.0000,1857.0000,1857.0000,1857.0000,0
2016-04-05 00:00,1809.0000,1809.0000,1809.0000,1809.0000,0
2016-04-06 00:00,1800.0000,1800.0000,1800.0000,1800.0000,0
2016-04-07 00:00,1749.0000,1749.0000,1749.0000,1749.0000,0
2016-04-08 00:00,1753.5000,1753.5000,1753.5000,1753.5000,0
2016-04-11 00:00,1754.5000,1754.5000,1754.5000,1754.5000,0
2016-04-12 00:00,1828.0000,1828.0000,1828.0000,1828.0000,0
2016-04-13 00:00,1879.0000,1879.0000,1879.0000,1879.0000,0
2016-04-14 00:00,1854.0000,1854.0000,1854.0000,1854.0000,0
2016-04-15 00:00,1873.5000,1873.5000,1873.5000,1873.5000,0
2016-04-18 00:00,1873.5000,1873.5000,1873.5000,1873.5000,0
2016-04-19 00:00,1931.0000,1931.0000,1931.0000,1931.0000,0
2016-04-20 00:00,1931.0000,1931.0000,1931.0000,1931.0000,0
2016-04-21 00:00,1931.0000,1931.0000,1931.0000,1931.0000,0
2016-04-22 00:00,1912.0000,1912.0000,1912.0000,1912.0000,0
2016-04-25 00:00,1879.0000,1879.0000,1879.0000,1879.0000,0
2016-04-26 00:00,1896.0000,1896.0000,1895.0000,1895.0000,0
2016-04-27 00:00,1885.5000,1885.5000,1885.5000,1885.5000,0
2016-04-29 00:00,1942.0000,1942.0000,1942.0000,1942.0000,0
2016-05-02 00:00,1942.0000,1942.0000,1942.0000,1942.0000,0
2016-05-03 00:00,1903.5000,1903.5000,1903.5000,1903.5000,0
2016-05-04 00:00,1887.5000,1887.5000,1887.5000,1887.5000,0
2016-05-05 00:00,1866.5000,1866.5000,1866.5000,1866.5000,0
2016-05-06 00:00,1879.0000,1879.0000,1879.0000,1879.0000,0
2016-05-09 00:00,1835.0000,1835.0000,1835.0000,1835.0000,0
2016-05-10 00:00,1850.5000,1850.5000,1850.5000,1850.5000,0
2016-05-11 00:00,1902.5000,1902.5000,1902.5000,1902.5000,0
2016-05-12 00:00,1867.5000,1867.5000,1867.5000,1867.5000,0
2016-05-13 00:00,1888.5000,1888.5000,1888.5000,1888.5000,0
2016-05-16 00:00,1898.0000,1898.0000,1898.0000,1898.0000,0
2016-05-17 00:00,1905.5000,1905.5000,1905.5000,1905.5000,0
2016-05-18 00:00,1904.5000,1904.5000,1904.5000,1904.5000,0
2016-05-19 00:00,1879.5000,1879.5000,1879.5000,1879.5000,0
2016-05-20 00:00,1885.0000,1885.0000,1885.0000,1885.0000,0
2016-05-23 00:00,1849.5000,1849.5000,1849.5000,1849.5000,0
2016-05-24 00:00,1841.5000,1841.5000,1841.5000,1841.5000,0
2016-05-25 00:00,1852.5000,1852.5000,1852.5000,1852.5000,0
2016-05-26 00:00,1879.0000,1879.0000,1879.0000,1879.0000,0
2016-05-27 00:00,1902.0000,1902.0000,1902.0000,1902.0000,0
2016-05-31 00:00,1927.5000,1927.5000,1927.5000,1927.5000,0
2016-06-01 00:00,1974.0000,1974.0000,1974.0000,1974.0000,0
2016-06-02 00:00,1982.0000,1982.0000,1982.0000,1982.0000,0
2016-06-03 00:00,1998.0000,1998.0000,1998.0000,1998.0000,0
2016-06-06 00:00,2033.0000,2033.0000,2033.0000,2033.0000,0
2016-06-07 00:00,2003.0000,2003.0000,2003.0000,2003.0000,0
2016-06-08 00:00,2068.0000,2068.0000,2068.0000,2068.0000,0
2016-06-09 00:00,2070.0000,2070.0000,2070.0000,2070.0000,0
2016-06-10 00:00,2085.5000,2085.5000,2085.5000,2085.5000,0
2016-06-13 00:00,2080.5000,2080.5000,2080.5000,2080.5000,0
2016-06-14 00:00,2029.0000,2029.0000,2029.0000,2029.0000,0
2016-06-15 00:00,2044.5000,2044.5000,2044.5000,2044.5000,0
2016-06-16 00:00,1993.5000,1993.5000,1993.5000,1993.5000,0
2016-06-17 00:00,1987.0000,1987.0000,1987.0000,1987.0000,0
2016-06-20 00:00,2015.5000,2015.5000,2015.5000,2015.5000,0
2016-06-21 00:00,2015.5000,2015.5000,2015.5000,2015.5000,0
2016-06-22 00:00,2046.0000,2046.0000,2046.0000,2046.0000,0
2016-06-23 00:00,2044.0000,2044.0000,2044.0000,2044.0000,0
2016-06-24 00:00,2023.5000,2023.5000,2023.5000,2023.5000,4
2016-06-27 00:00,2002.0000,2002.0000,1998.0000,1998.0000,4
2016-06-28 00:00,2045.0000,2045.0000,2045.0000,2045.0000,5
2016-07-01 00:00,2159.0000,2159.0000,2159.0000,2159.0000,0
2016-07-05 00:00,2111.5000,2111.5000,2111.5000,2111.5000,0
2016-07-06 00:00,2109.0000,2109.0000,2109.0000,2109.0000,0
2016-07-07 00:00,2103.5000,2103.5000,2103.5000,2103.5000,0
2016-07-08 00:00,2142.5000,2142.5000,2142.5000,2142.5000,0
2016-07-11 00:00,2152.0000,2152.0000,2152.0000,2152.0000,0
2016-07-12 00:00,2197.0000,2197.0000,2197.0000,2197.0000,0
2016-07-13 00:00,2180.0000,2180.0000,2180.0000,2180.0000,0
2016-07-14 00:00,2195.5000,2195.5000,2195.5000,2195.5000,0
2016-07-15 00:00,2203.5000,2203.5000,2203.5000,2203.5000,0
2016-07-18 00:00,2219.0000,2219.0000,2219.0000,2219.0000,0
2016-07-19 00:00,2244.5000,2244.5000,2244.5000,2244.5000,0
2016-07-20 00:00,2241.5000,2241.5000,2241.5000,2241.5000,0
2016-07-21 00:00,2264.0000,2264.0000,2264.0000,2264.0000,0
2016-07-22 00:00,2264.0000,2264.0000,2264.0000,2264.0000,0
2016-07-25 00:00,2259.5000,2259.5000,2259.5000,2259.5000,0
2016-07-26 00:00,2235.5000,2235.5000,2235.5000,2235.5000,0
2016-07-27 00:00,2181.0000,2181.0000,2181.0000,2181.0000,0
2016-07-29 00:00,2248.0000,2248.0000,2248.0000,2248.0000,0
2016-08-01 00:00,2275.0000,2275.0000,2275.0000,2275.0000,0
2016-08-02 00:00,2287.5000,2287.5000,2287.5000,2287.5000,0
2016-08-03 00:00,2285.0000,2285.0000,2285.0000,2285.0000,0
2016-08-04 00:00,2266.0000,2266.0000,2266.0000,2266.0000,0
2016-08-05 00:00,2273.0000,2273.0000,2273.0000,2273.0000,0
2016-08-08 00:00,2289.0000,2289.0000,2289.0000,2289.0000,0
2016-08-09 00:00,2278.0000,2278.0000,2278.0000,2278.0000,0
2016-08-10 00:00,2289.0000,2289.0000,2289.0000,2289.0000,0
2016-08-11 00:00,2275.0000,2275.0000,2275.0000,2275.0000,0
2016-08-12 00:00,2245.0000,2245.0000,2245.0000,2245.0000,0
2016-08-15 00:00,2262.0000,2262.0000,2262.0000,2262.0000,0
2016-08-16 00:00,2265.5000,2265.5000,2265.5000,2265.5000,0
2016-08-17 00:00,2271.0000,2271.0000,2271.0000,2271.0000,0
2016-08-18 00:00,2302.5000,2302.5000,2302.5000,2302.5000,0
2016-08-19 00:00,2292.5000,2292.5000,2292.5000,2292.5000,0
2016-08-22 00:00,2286.0000,2286.0000,2286.0000,2286.0000,0
2016-08-23 00:00,2302.5000,2302.5000,2302.5000,2302.5000,0
2016-08-24 00:00,2277.0000,2277.0000,2277.0000,2277.0000,0
2016-08-25 00:00,2299.0000,2299.0000,2299.0000,2299.0000,0
2016-08-26 00:00,2324.0000,2324.0000,2324.0000,2324.0000,0
2016-08-29 00:00,2324.0000,2324.0000,2324.0000,2324.0000,0
2016-08-30 00:00,2319.0000,2319.0000,2319.0000,2319.0000,0
2016-08-31 00:00,2333.5000,2333.5000,2333.5000,2333.5000,0
2016-09-01 00:00,2343.0000,2343.0000,2343.0000,2343.0000,0
2016-09-02 00:00,2367.0000,2367.0000,2367.0000,2367.0000,0
2016-09-06 00:00,2329.0000,2329.0000,2329.0000,2329.0000,0
2016-09-07 00:00,2338.0000,2338.0000,2338.0000,2338.0000,0
2016-09-08 00:00,2334.0000,2334.0000,2334.0000,2334.0000,0
2016-09-09 00:00,2308.5000,2308.5000,2308.5000,2308.5000,0
2016-09-12 00:00,2280.5000,2280.5000,2280.5000,2280.5000,0
2016-09-13 00:00,2249.5000,2249.5000,2249.5000,2249.5000,0
2016-09-14 00:00,2299.0000,2299.0000,2299.0000,2299.0000,0
2016-09-15 00:00,2251.5000,2251.5000,2251.5000,2251.5000,0
2016-09-16 00:00,2228.5000,2228.5000,2228.5000,2228.5000,0
2016-09-19 00:00,2268.0000,2268.0000,2268.0000,2268.0000,0
2016-09-20 00:00,2316.5000,2316.5000,2316.5000,2316.5000,0
2016-09-21 00:00,2283.0000,2283.0000,2283.0000,2283.0000,0
2016-09-22 00:00,2312.0000,2312.0000,2312.0000,2312.0000,0
2016-09-23 00:00,2289.5000,2289.5000,2289.5000,2289.5000,0
2016-09-26 00:00,2298.5000,2298.5000,2298.5000,2298.5000,0
2016-09-27 00:00,2334.5000,2334.5000,2334.5000,2334.5000,0
2016-09-28 00:00,2344.5000,2344.5000,2344.5000,2344.5000,0
2016-09-30 00:00,2393.5000,2393.5000,2393.5000,2393.5000,0
2016-10-03 00:00,2418.5000,2418.5000,2418.5000,2418.5000,0
2016-10-04 00:00,2395.0000,2395.0000,2395.0000,2395.0000,0
2016-10-05 00:00,2366.5000,2366.5000,2366.5000,2366.5000,0
2016-10-06 00:00,2336.0000,2336.0000,2336.0000,2336.0000,0
2016-10-07 00:00,2349.5000,2349.5000,2349.5000,2349.5000,0
2016-10-11 00:00,2266.5000,2266.5000,2266.5000,2266.5000,0
2016-10-12 00:00,2273.0000,2273.0000,2273.0000,2273.0000,0
2016-10-13 00:00,2251.5000,2251.5000,2251.5000,2251.5000,0
2016-10-14 00:00,2251.5000,2251.5000,2251.5000,2251.5000,0
2016-10-17 00:00,2282.5000,2282.5000,2282.5000,2282.5000,0
2016-10-18 00:00,2302.5000,2302.5000,2302.5000,2302.5000,0
2016-10-19 00:00,2321.0000,2321.0000,2321.0000,2321.0000,0
2016-10-20 00:00,2303.5000,2303.5000,2303.5000,2303.5000,0
2016-10-21 00:00,2279.5000,2279.5000,2279.5000,2279.5000,0
2016-10-24 00:00,2325.5000,2325.5000,2325.5000,2325.5000,0
2016-10-25 00:00,2379.0000,2379.0000,2379.0000,2379.0000,0
2016-10-26 00:00,2379.0000,2379.0000,2379.0000,2379.0000,0
2016-10-27 00:00,2372.5000,2372.5000,2372.5000,2372.5000,0
2016-10-28 00:00,2414.0000,2414.0000,2414.0000,2414.0000,0
2016-10-31 00:00,2493.0000,2493.0000,2493.0000,2493.0000,0
2016-11-01 00:00,2473.5000,2473.5000,2473.5000,2473.5000,0
2016-11-02 00:00,2473.5000,2473.5000,2473.5000,2473.5000,0
2016-11-03 00:00,2506.5000,2506.5000,2506.5000,2506.5000,0
2016-11-04 00:00,2506.5000,2506.5000,2506.5000,2506.5000,0
2016-11-07 00:00,2486.5000,2486.5000,2486.5000,2486.5000,0
2016-11-08 00:00,2507.5000,2507.5000,2507.5000,2507.5000,0
2016-11-09 00:00,2509.5000,2509.5000,2509.5000,2509.5000,0
2016-11-10 00:00,2550.5000,2550.5000,2550.5000,2550.5000,0
2016-11-14 00:00,2616.0000,2616.0000,2616.0000,2616.0000,0
2016-11-15 00:00,2626.5000,2626.5000,2626.5000,2626.5000,0
2016-11-16 00:00,2552.5000,2552.5000,2552.5000,2552.5000,0
2016-11-17 00:00,2554.5000,2554.5000,2554.5000,2554.5000,0
2016-11-18 00:00,2561.5000,2561.5000,2561.5000,2561.5000,0
2016-11-21 00:00,2598.5000,2598.5000,2598.5000,2598.5000,0
2016-11-22 00:00,2610.5000,2610.5000,2610.5000,2610.5000,0
2016-11-23 00:00,2686.5000,2686.5000,2686.5000,2686.5000,0
2016-11-25 00:00,2814.5000,2814.5000,2814.5000,2814.5000,0
2016-11-28 00:00,2920.0000,2920.0000,2920.0000,2920.0000,0
2016-11-29 00:00,2737.0000,2737.0000,2737.0000,2737.0000,0
2016-11-30 00:00,2717.0000,2717.0000,2717.0000,2717.0000,0
2016-12-01 00:00,2742.0000,2742.0000,2742.0000,2742.0000,0
2016-12-02 00:00,2690.5000,2690.5000,2690.5000,2690.5000,0
2016-12-05 00:00,2774.5000,2774.5000,2774.5000,2774.5000,0
2016-12-06 00:00,2807.0000,2807.0000,2807.0000,2807.0000,0
2016-12-07 00:00,2737.0000,2737.0000,2737.0000,2737.0000,0
2016-12-08 00:00,2699.5000,2699.5000,2699.5000,2699.5000,0
2016-12-09 00:00,2710.0000,2710.0000,2710.0000,2710.0000,0
2016-12-12 00:00,2725.5000,2725.5000,2725.5000,2725.5000,0
2016-12-13 00:00,2707.5000,2707.5000,2707.5000,2707.5000,0
2016-12-14 00:00,2799.0000,2799.0000,2799.0000,2799.0000,0
2016-12-15 00:00,2814.0000,2814.0000,2814.0000,2814.0000,0
2016-12-16 00:00,2728.0000,2728.0000,2728.0000,2728.0000,0
2016-12-19 00:00,2728.0000,2728.0000,2728.0000,2728.0000,0
2016-12-20 00:00,2632.0000,2632.0000,2632.0000,2632.0000,0
2016-12-21 00:00,2611.5000,2611.5000,2611.5000,2611.5000,0
2016-12-22 00:00,2629.5000,2629.5000,2629.5000,2629.5000,0
2016-12-23 00:00,2629.5000,2629.5000,2629.5000,2629.5000,0
2016-12-27 00:00,2629.5000,2629.5000,2629.5000,2629.5000,0
2016-12-28 00:00,2572.5000,2572.5000,2572.5000,2572.5000,0
2016-12-30 00:00,2583.5000,2583.5000,2583.5000,2583.5000,0
2017-01-03 00:00,2578.5000,2578.5000,2578.5000,2578.5000,0
2017-01-04 00:00,2618.0000,2618.0000,2618.0000,2618.0000,0
2017-01-05 00:00,2618.5000,2618.5000,2618.5000,2618.5000,0
2017-01-06 00:00,2622.5000,2622.5000,2622.5000,2622.5000,0
2017-01-09 00:00,2674.0000,2674.0000,2674.0000,2674.0000,0
2017-01-10 00:00,2729.5000,2729.5000,2729.5000,2729.5000,0
2017-01-11 00:00,2701.0000,2701.0000,2701.0000,2701.0000,0
2017-01-12 00:00,2739.0000,2739.0000,2739.0000,2739.0000,0
2017-01-13 00:00,2787.0000,2787.0000,2787.0000,2787.0000,0
2017-01-17 00:00,2729.0000,2729.0000,2729.0000,2729.0000,0
2017-01-18 00:00,2777.0000,2777.0000,2777.0000,2777.0000,0
2017-01-19 00:00,2770.5000,2770.5000,2770.5000,2770.5000,0
2017-01-20 00:00,2769.0000,2769.0000,2769.0000,2769.0000,0
2017-01-23 00:00,2798.5000,2798.5000,2798.5000,2798.5000,0
2017-01-24 00:00,2830.0000,2830.0000,2830.0000,2830.0000,0
2017-01-25 00:00,2804.0000,2804.0000,2804.0000,2804.0000,0
2017-01-26 00:00,2776.0000,2776.0000,2776.0000,2776.0000,0
2017-01-27 00:00,2778.0000,2778.0000,2778.0000,2778.0000,0
2017-01-30 00:00,2792.0000,2792.0000,2792.0000,2792.0000,0
2017-01-31 00:00,2792.0000,2792.0000,2792.0000,2792.0000,0
2017-02-01 00:00,2882.0000,2882.0000,2882.0000,2882.0000,5
2017-02-02 00:00,2861.5000,2880.5000,2861.5000,2880.5000,5
2017-02-03 00:00,2880.5000,2880.5000,2880.5000,2880.5000,0
2017-02-06 00:00,2805.5000,2805.5000,2805.5000,2805.5000,0
2017-02-07 00:00,2810.5000,2810.5000,2810.5000,2810.5000,0
2017-02-08 00:00,2860.0000,2860.0000,2860.0000,2860.0000,0
2017-02-09 00:00,2847.5000,2847.5000,2847.5000,2847.5000,0
2017-02-10 00:00,2918.5000,2918.5000,2918.5000,2918.5000,0
2017-02-13 00:00,2930.0000,2930.0000,2930.0000,2930.0000,0
2017-02-14 00:00,2908.5000,2908.5000,2908.5000,2908.5000,0
2017-02-15 00:00,2899.0000,2899.0000,2899.0000,2899.0000,0
2017-02-16 00:00,2886.5000,2886.5000,2886.5000,2886.5000,5
2017-02-17 00:00,2817.0000,2843.5000,2817.0000,2843.5000,5
2017-02-21 00:00,2819.0000,2819.0000,2819.0000,2819.0000,0
2017-02-22 00:00,2834.5000,2834.5000,2834.5000,2834.5000,0
2017-02-23 00:00,2747.5000,2747.5000,2747.5000,2747.5000,0
2017-02-24 00:00,2859.0000,2859.0000,2859.0000,2859.0000,0
2017-02-27 00:00,2844.0000,2844.0000,2844.0000,2844.0000,0
2017-02-28 00:00,2864.0000,2864.0000,2864.0000,2864.0000,0
2017-03-01 00:00,2864.0000,2864.0000,2864.0000,2864.0000,0
2017-03-02 00:00,2864.0000,2864.0000,2864.0000,2864.0000,0
2017-03-03 00:00,2864.0000,2864.0000,2864.0000,2864.0000,0
2017-03-06 00:00,2864.0000,2864.0000,2864.0000,2864.0000,0
2017-03-07 00:00,2864.0000,2864.0000,2864.0000,2864.0000,0
2017-03-08 00:00,2864.0000,2864.0000,2864.0000,2864.0000,0
2017-03-09 00:00,2710.0000,2710.0000,2710.0000,2710.0000,0
2017-03-10 00:00,2730.0000,2730.0000,2730.0000,2730.0000,0
2017-03-13 00:00,2785.0000,2785.0000,2785.0000,2785.0000,0
2017-03-14 00:00,2792.0000,2792.0000,2792.0000,2792.0000,0
2017-03-15 00:00,2813.5000,2813.5000,2813.5000,2813.5000,0
2017-03-16 00:00,2871.5000,2871.5000,2871.5000,2871.5000,0
2017-03-17 00:00,2916.0000,2916.0000,2916.0000,2916.0000,0
2017-03-20 00:00,2891.5000,2891.5000,2891.5000,2891.5000,0
2017-03-21 00:00,2860.0000,2860.0000,2860.0000,2860.0000,0
2017-03-22 00:00,2878.5000,2878.5000,2878.5000,2878.5000,0
2017-03-23 00:00,2840.0000,2840.0000,2840.0000,2840.0000,0
2017-03-24 00:00,2848.0000,2848.0000,2848.0000,2848.0000,0
2017-03-27 00:00,2848.0000,2848.0000,2848.0000,2848.0000,0
2017-03-28 00:00,2848.0000,2848.0000,2848.0000,2848.0000,0
2017-03-29 00:00,2898.0000,2898.0000,2898.0000,2898.0000,0
2017-03-30 00:00,2900.0000,2900.0000,2900.0000,2900.0000,0
2017-03-31 00:00,2827.0000,2827.0000,2827.0000,2827.0000,0
2017-04-03 00:00,2784.0000,2784.0000,2784.0000,2784.0000,0
2017-04-04 00:00,2784.0000,2784.0000,2784.0000,2784.0000,0
2017-04-05 00:00,2784.0000,2784.0000,2784.0000,2784.0000,0
2017-04-06 00:00,2784.0000,2784.0000,2784.0000,2784.0000,0
2017-04-07 00:00,2784.0000,2784.0000,2784.0000,2784.0000,0
2017-04-10 00:00,2784.0000,2784.0000,2784.0000,2784.0000,0
2017-04-11 00:00,2829.0000,2829.0000,2829.0000,2829.0000,0
2017-04-12 00:00,2829.0000,2829.0000,2829.0000,2829.0000,0
2017-04-13 00:00,2829.0000,2829.0000,2829.0000,2829.0000,0
2017-04-17 00:00,2829.0000,2829.0000,2829.0000,2829.0000,0
2017-04-18 00:00,2829.0000,2829.0000,2829.0000,2829.0000,0
2017-04-19 00:00,2829.0000,2829.0000,2829.0000,2829.0000,0
2017-04-20 00:00,2829.0000,2829.0000,2829.0000,2829.0000,0
2017-04-21 00:00,2829.0000,2829.0000,2829.0000,2829.0000,0
2017-04-24 00:00,2598.0000,2598.0000,2598.0000,2598.0000,0
2017-04-25 00:00,2603.5000,2603.5000,2603.5000,2603.5000,0
2017-04-26 00:00,2628.0000,2628.0000,2628.0000,2628.0000,5
2017-04-27 00:00,2605.5000,2605.5000,2605.5000,2605.5000,0
2017-04-28 00:00,2632.5000,2632.5000,2632.5000,2632.5000,0
2017-05-01 00:00,2632.5000,2632.5000,2632.5000,2632.5000,0
2017-05-02 00:00,2655.0000,2655.0000,2655.0000,2655.0000,0
2017-05-03 00:00,2581.0000,2581.0000,2581.0000,2581.0000,0
2017-05-04 00:00,2570.0000,2570.0000,2570.0000,2570.0000,0
2017-05-05 00:00,2588.0000,2588.0000,2588.0000,2588.0000,0
2017-05-08 00:00,2586.5000,2586.5000,2586.5000,2586.5000,0
2017-05-09 00:00,2611.5000,2611.5000,2611.5000,2611.5000,0
2017-05-10 00:00,2602.0000,2602.0000,2602.0000,2602.0000,0
2017-05-11 00:00,2602.0000,2602.0000,2602.0000,2602.0000,0
2017-05-12 00:00,2555.5000,2555.5000,2555.5000,2555.5000,0
2017-05-15 00:00,2570.0000,2570.0000,2570.0000,2570.0000,0
2017-05-16 00:00,2549.0000,2549.0000,2549.0000,2549.0000,0
2017-05-17 00:00,2554.5000,2554.5000,2554.5000,2554.5000,0
2017-05-18 00:00,2525.0000,2525.0000,2525.0000,2525.0000,0
2017-05-19 00:00,2618.0000,2618.0000,2618.0000,2618.0000,0
2017-05-22 00:00,2623.0000,2623.0000,2623.0000,2623.0000,0
2017-05-23 00:00,2645.5000,2645.5000,2645.5000,2645.5000,0
2017-05-24 00:00,2627.0000,2627.0000,2627.0000,2627.0000,0
2017-05-25 00:00,2625.5000,2625.5000,2625.5000,2625.5000,0
2017-05-26 00:00,2634.5000,2634.5000,2634.5000,2634.5000,0
2017-05-30 00:00,2622.5000,2622.5000,2622.5000,2622.5000,0
2017-05-31 00:00,2622.5000,2622.5000,2622.5000,2622.5000,0
2017-06-01 00:00,2561.5000,2561.5000,2561.5000,2561.5000,0
2017-06-02 00:00,2529.5000,2529.5000,2529.5000,2529.5000,0
2017-06-05 00:00,2478.0000,2478.0000,2478.0000,2478.0000,0
2017-06-06 00:00,2478.0000,2478.0000,2478.0000,2478.0000,0
2017-06-07 00:00,2432.5000,2432.5000,2432.5000,2432.5000,0
2017-06-08 00:00,2463.0000,2463.0000,2463.0000,2463.0000,0
2017-06-09 00:00,2529.5000,2529.5000,2529.5000,2529.5000,0
2017-06-12 00:00,2484.5000,2484.5000,2484.5000,2484.5000,0
2017-06-13 00:00,2463.5000,2463.5000,2463.5000,2463.5000,0
2017-06-14 00:00,2490.5000,2490.5000,2490.5000,2490.5000,0
2017-06-15 00:00,2499.5000,2499.5000,2499.5000,2499.5000,0
2017-06-16 00:00,2517.5000,2517.5000,2517.5000,2517.5000,0
2017-06-19 00:00,2551.0000,2551.0000,2551.0000,2551.0000,0
2017-06-20 00:00,2542.0000,2542.0000,2542.0000,2542.0000,0
2017-06-21 00:00,2631.5000,2631.5000,2631.5000,2631.5000,0
2017-06-22 00:00,2685.0000,2685.0000,2685.0000,2685.0000,0
2017-06-23 00:00,2704.5000,2704.5000,2704.5000,2704.5000,0
2017-06-26 00:00,2719.5000,2719.5000,2719.5000,2719.5000,0
2017-06-27 00:00,2719.5000,2719.5000,2719.5000,2719.5000,0
2017-06-28 00:00,2733.5000,2733.5000,2733.5000,2733.5000,10
2017-06-29 00:00,2771.5000,2771.5000,2771.5000,2771.5000,10
2017-06-30 00:00,2771.5000,2771.5000,2771.5000,2771.5000,0
2017-07-03 00:00,2809.0000,2809.0000,2809.0000,2809.0000,0
2017-07-05 00:00,2783.5000,2783.5000,2783.5000,2783.5000,0
2017-07-06 00:00,2795.0000,2795.0000,2795.0000,2795.0000,0
2017-07-07 00:00,2797.5000,2797.5000,2797.5000,2797.5000,0
2017-07-10 00:00,2786.5000,2786.5000,2786.5000,2786.5000,0
2017-07-11 00:00,2821.0000,2821.0000,2821.0000,2821.0000,0
2017-07-12 00:00,2843.0000,2843.0000,2843.0000,2843.0000,0
2017-07-13 00:00,2810.0000,2810.0000,2810.0000,2810.0000,0
2017-07-14 00:00,2799.5000,2799.5000,2799.5000,2799.5000,0
2017-07-17 00:00,2825.5000,2825.5000,2825.5000,2825.5000,0
2017-07-18 00:00,2798.0000,2798.0000,2798.0000,2798.0000,0
2017-07-19 00:00,2743.0000,2743.0000,2743.0000,2743.0000,0
2017-07-20 00:00,2724.0000,2724.0000,2724.0000,2724.0000,0
2017-07-21 00:00,2747.5000,2747.5000,2747.5000,2747.5000,0
2017-07-24 00:00,2781.5000,2781.5000,2781.5000,2781.5000,0
2017-07-25 00:00,2843.0000,2843.0000,2843.0000,2843.0000,0
2017-07-26 00:00,2803.0000,2803.0000,2803.0000,2803.0000,0
2017-07-27 00:00,2786.5000,2786.5000,2786.5000,2786.5000,0
2017-07-28 00:00,2777.0000,2777.0000,2777.0000,2777.0000,0
2017-07-31 00:00,2793.0000,2793.0000,2793.0000,2793.0000,0
2017-08-01 00:00,2765.5000,2765.5000,2765.5000,2765.5000,0
2017-08-02 00:00,2765.5000,2765.5000,2765.5000,2765.5000,0
2017-08-03 00:00,2788.0000,2788.0000,2788.0000,2788.0000,0
2017-08-04 00:00,2799.5000,2799.5000,2799.5000,2799.5000,0
2017-08-07 00:00,2861.0000,2861.0000,2861.0000,2861.0000,0
2017-08-08 00:00,2909.0000,2909.0000,2909.0000,2909.0000,0
2017-08-09 00:00,2929.0000,2929.0000,2929.0000,2929.0000,0
2017-08-10 00:00,2931.5000,2931.5000,2931.5000,2931.5000,0
2017-08-11 00:00,2891.5000,2891.5000,2891.5000,2891.5000,0
2017-08-14 00:00,2902.0000,2902.0000,2902.0000,2902.0000,0
2017-08-15 00:00,2948.0000,2948.0000,2948.0000,2948.0000,0
2017-08-16 00:00,3102.5000,3102.5000,3102.5000,3102.5000,0
2017-08-17 00:00,3052.5000,3052.5000,3052.5000,3052.5000,0
2017-08-18 00:00,3112.5000,3112.5000,3112.5000,3112.5000,0
2017-08-21 00:00,3112.5000,3112.5000,3112.5000,3112.5000,0
2017-08-22 00:00,3112.5000,3112.5000,3112.5000,3112.5000,0
2017-08-23 00:00,3093.5000,3093.5000,3093.5000,3093.5000,0
2017-08-24 00:00,3098.5000,3098.5000,3098.5000,3098.5000,0
2017-08-25 00:00,3051.5000,3051.5000,3051.5000,3051.5000,0
2017-08-28 00:00,3051.5000,3051.5000,3051.5000,3051.5000,0
2017-08-29 00:00,3095.0000,3095.0000,3095.0000,3095.0000,0
2017-08-30 00:00,3097.5000,3097.5000,3097.5000,3097.5000,0
2017-08-31 00:00,3097.5000,3097.5000,3097.5000,3097.5000,0
2017-09-01 00:00,3177.5000,3177.5000,3177.5000,3177.5000,0
2017-09-05 00:00,3138.0000,3138.0000,3138.0000,3138.0000,0
2017-09-06 00:00,3100.0000,3100.0000,3100.0000,3100.0000,0
2017-09-07 00:00,3122.0000,3122.0000,3122.0000,3122.0000,0
2017-09-08 00:00,3122.0000,3122.0000,3122.0000,3122.0000,0
2017-09-11 00:00,3081.5000,3081.5000,3081.5000,3081.5000,0
2017-09-12 00:00,3056.0000,3056.0000,3056.0000,3056.0000,0
2017-09-13 00:00,3020.0000,3020.0000,3020.0000,3020.0000,0
2017-09-14 00:00,2998.0000,2998.0000,2998.0000,2998.0000,0
2017-09-15 00:00,2998.0000,2998.0000,2998.0000,2998.0000,0
2017-09-18 00:00,3091.5000,3091.5000,3091.5000,3091.5000,0
2017-09-19 00:00,3098.5000,3098.5000,3098.5000,3098.5000,0
2017-09-20 00:00,3121.5000,3121.5000,3121.5000,3121.5000,0
2017-09-21 00:00,3079.0000,3079.0000,3079.0000,3079.0000,0
2017-09-22 00:00,3024.5000,3024.5000,3024.5000,3024.5000,0
2017-09-25 00:00,3090.5000,3090.5000,3090.5000,3090.5000,0
2017-09-26 00:00,3113.5000,3113.5000,3113.5000,3113.5000,0
2017-09-27 00:00,3102.5000,3102.5000,3102.5000,3102.5000,0
2017-09-28 00:00,3111.0000,3111.0000,3111.0000,3111.0000,0
2017-09-29 00:00,3154.5000,3154.5000,3154.5000,3154.5000,0
2017-10-02 00:00,3243.5000,3243.5000,3243.5000,3243.5000,0
2017-10-03 00:00,3243.5000,3243.5000,3243.5000,3243.5000,0
2017-10-04 00:00,3287.5000,3287.5000,3287.5000,3287.5000,0
2017-10-05 00:00,3298.0000,3298.0000,3298.0000,3298.0000,0
2017-10-06 00:00,3245.0000,3245.0000,3245.0000,3245.0000,0
2017-10-09 00:00,3245.0000,3245.0000,3245.0000,3245.0000,0
2017-10-10 00:00,3282.5000,3282.5000,3282.5000,3282.5000,0
2017-10-11 00:00,3222.5000,3222.5000,3222.5000,3222.5000,0
2017-10-12 00:00,3254.0000,3254.0000,3254.0000,3254.0000,0
2017-10-13 00:00,3237.5000,3237.5000,3237.5000,3237.5000,0
2017-10-16 00:00,3200.0000,3200.0000,3200.0000,3200.0000,0
2017-10-17 00:00,3200.0000,3200.0000,3200.0000,3200.0000,0
2017-10-18 00:00,3115.0000,3115.0000,3115.0000,3115.0000,0
2017-10-19 00:00,3119.0000,3119.0000,3119.0000,3119.0000,0
2017-10-20 00:00,3104.0000,3104.0000,3104.0000,3104.0000,0
2017-10-23 00:00,3137.5000,3137.5000,3137.5000,3137.5000,0
2017-10-24 00:00,3173.5000,3173.5000,3173.5000,3173.5000,0
2017-10-25 00:00,3203.0000,3203.0000,3203.0000,3203.0000,0
2017-10-26 00:00,3228.5000,3228.5000,3228.5000,3228.5000,0
2017-10-27 00:00,3174.0000,3174.0000,3174.0000,3174.0000,0
2017-10-30 00:00,3200.5000,3200.5000,3200.5000,3200.5000,5
2017-10-31 00:00,3254.5000,3272.5000,3254.5000,3254.5000,5
2017-11-01 00:00,3266.5000,3266.5000,3266.5000,3266.5000,0
2017-11-02 00:00,3238.5000,3238.5000,3238.5000,3238.5000,0
2017-11-03 00:00,3221.0000,3221.0000,3221.0000,3221.0000,0
2017-11-06 00:00,3243.0000,3243.0000,3243.0000,3243.0000,0
2017-11-07 00:00,3243.0000,3243.0000,3243.0000,3243.0000,0
2017-11-08 00:00,3203.0000,3203.0000,3203.0000,3203.0000,0
2017-11-09 00:00,3187.5000,3187.5000,3187.5000,3187.5000,0
2017-11-10 00:00,3227.5000,3227.5000,3227.5000,3227.5000,0
2017-11-13 00:00,3227.5000,3227.5000,3227.5000,3227.5000,0
2017-11-14 00:00,3154.0000,3154.0000,3154.0000,3154.0000,0
2017-11-15 00:00,3155.0000,3155.0000,3155.0000,3155.0000,0
2017-11-16 00:00,3155.0000,3155.0000,3155.0000,3155.0000,0
2017-11-17 00:00,3184.5000,3184.5000,3184.5000,3184.5000,0
2017-11-20 00:00,3167.0000,3167.0000,3167.0000,3167.0000,0
2017-11-21 00:00,3215.5000,3215.5000,3215.5000,3215.5000,0
2017-11-22 00:00,3234.5000,3234.5000,3234.5000,3234.5000,0
2017-11-24 00:00,3239.0000,3239.0000,3239.0000,3239.0000,0
2017-11-27 00:00,3239.0000,3239.0000,3239.0000,3239.0000,0
2017-11-28 00:00,3169.0000,3169.0000,3169.0000,3169.0000,0
2017-11-29 00:00,3161.0000,3161.0000,3161.0000,3161.0000,0
2017-11-30 00:00,3161.0000,3161.0000,3161.0000,3161.0000,0
2017-12-01 00:00,3161.0000,3161.0000,3161.0000,3161.0000,0
2017-12-04 00:00,3181.0000,3181.0000,3181.0000,3181.0000,5
2017-12-05 00:00,3112.0000,3121.0000,3112.0000,3112.0000,5
2017-12-06 00:00,3090.0000,3090.0000,3090.0000,3090.0000,0
2017-12-07 00:00,3090.0000,3090.0000,3090.0000,3090.0000,0
2017-12-08 00:00,3088.5000,3088.5000,3088.5000,3088.5000,0
2017-12-11 00:00,3130.0000,3130.0000,3130.0000,3130.0000,0
2017-12-12 00:00,3154.0000,3154.0000,3154.0000,3154.0000,0
2017-12-13 00:00,3155.0000,3155.0000,3155.0000,3155.0000,0
2017-12-14 00:00,3188.0000,3188.0000,3188.0000,3188.0000,0
2017-12-15 00:00,3212.5000,3212.5000,3212.5000,3212.5000,0
2017-12-18 00:00,3198.0000,3198.0000,3198.0000,3198.0000,0
2017-12-19 00:00,3203.5000,3203.5000,3203.5000,3203.5000,0
2017-12-20 00:00,3221.0000,3221.0000,3221.0000,3221.0000,0
2017-12-21 00:00,3243.0000,3243.0000,3243.0000,3243.0000,0
2017-12-22 00:00,3254.5000,3254.5000,3254.5000,3254.5000,0
2017-12-26 00:00,3254.5000,3254.5000,3254.5000,3254.5000,0
2017-12-27 00:00,3254.5000,3254.5000,3254.5000,3254.5000,0
2017-12-28 00:00,3254.5000,3254.5000,3254.5000,3254.5000,0
2017-12-29 00:00,3254.5000,3254.5000,3254.5000,3254.5000,0
2018-01-02 00:00,3346.0000,3346.0000,3346.0000,3346.0000,0
2018-01-03 00:00,3332.5000,3332.5000,3332.5000,3332.5000,0
2018-01-04 00:00,3360.5000,3362.5000,3360.5000,3362.5000,5
2018-01-05 00:00,3362.5000,3362.5000,3362.5000,3362.5000,0
2018-01-08 00:00,3371.0000,3377.0000,3371.0000,3377.0000,5
2018-01-09 00:00,3369.5000,3369.5000,3352.5000,3352.5000,5
2018-01-10 00:00,3358.5000,3358.5000,3355.5000,3355.5000,10
2018-01-11 00:00,3395.5000,3395.5000,3395.5000,3395.5000,0
2018-01-12 00:00,3396.0000,3396.0000,3396.0000,3396.0000,0
2018-01-16 00:00,3396.0000,3396.0000,3396.0000,3396.0000,0
2018-01-17 00:00,3396.0000,3396.0000,3396.0000,3396.0000,0
2018-01-18 00:00,3396.0000,3396.0000,3396.0000,3396.0000,0
2018-01-19 00:00,3396.0000,3396.0000,3396.0000,3396.0000,0
2018-01-22 00:00,3396.0000,3443.5000,3396.0000,3396.0000,4
2018-01-23 00:00,3396.0000,3396.0000,3396.0000,3396.0000,0
2018-01-24 00:00,3396.0000,3396.0000,3396.0000,3396.0000,0
2018-01-25 00:00,3396.0000,3396.0000,3396.0000,3396.0000,0
2018-01-26 00:00,3384.5000,3384.5000,3384.5000,3384.5000,0
2018-01-29 00:00,3500.0000,3500.0000,3500.0000,3500.0000,0
2018-01-30 00:00,3500.0000,3500.0000,3500.0000,3500.0000,0
2018-01-31 00:00,3500.0000,3500.0000,3500.0000,3500.0000,0
2018-02-01 00:00,3547.5000,3547.5000,3547.5000,3547.5000,0
2018-02-02 00:00,3520.0000,3520.0000,3520.0000,3520.0000,0
2018-02-05 00:00,3520.0000,3520.0000,3520.0000,3520.0000,0
2018-02-06 00:00,3503.5000,3503.5000,3503.5000,3503.5000,0
2018-02-07 00:00,3426.0000,3426.0000,3426.0000,3426.0000,0
2018-02-08 00:00,3426.0000,3426.0000,3426.0000,3426.0000,0
2018-02-09 00:00,3419.0000,3419.0000,3419.0000,3419.0000,0
2018-02-12 00:00,3419.0000,3419.0000,3419.0000,3419.0000,0
2018-02-13 00:00,3419.0000,3419.0000,3419.0000,3419.0000,0
2018-02-14 00:00,3419.0000,3419.0000,3419.0000,3419.0000,0
2018-02-15 00:00,3419.0000,3419.0000,3419.0000,3419.0000,0
2018-02-16 00:00,3419.0000,3419.0000,3419.0000,3419.0000,1
2018-02-20 00:00,3597.5000,3597.5000,3419.0000,3419.0000,1
2018-02-21 00:00,3419.0000,3419.0000,3419.0000,3419.0000,0
2018-02-22 00:00,3419.0000,3419.0000,3419.0000,3419.0000,0
2018-02-23 00:00,3388.0000,3388.0000,3388.0000,3388.0000,0
2018-02-26 00:00,3388.0000,3388.0000,3388.0000,3388.0000,0
2018-02-27 00:00,3388.0000,3388.0000,3388.0000,3388.0000,0
2018-02-28 00:00,3388.0000,3388.0000,3388.0000,3388.0000,0
2018-03-01 00:00,3388.0000,3388.0000,3388.0000,3388.0000,0
2018-03-02 00:00,3388.0000,3388.0000,3388.0000,3388.0000,0
2018-03-05 00:00,3388.0000,3388.0000,3388.0000,3388.0000,0
2018-03-06 00:00,3388.0000,3388.0000,3388.0000,3388.0000,0
2018-03-07 00:00,3388.0000,3388.0000,3388.0000,3388.0000,0
2018-03-08 00:00,3388.0000,3388.0000,3388.0000,3388.0000,0
2018-03-09 00:00,3388.0000,3388.0000,3388.0000,3388.0000,0
2018-03-12 00:00,3388.0000,3388.0000,3388.0000,3388.0000,0
2018-03-13 00:00,3388.0000,3388.0000,3388.0000,3388.0000,0
2018-03-14 00:00,3388.0000,3388.0000,3388.0000,3388.0000,0
2018-03-15 00:00,3388.0000,3388.0000,3388.0000,3388.0000,0
2018-03-16 00:00,3388.0000,3388.0000,3388.0000,3388.0000,0
2018-03-19 00:00,3299.0000,3299.0000,3299.0000,3299.0000,0
2018-03-20 00:00,3299.0000,3299.0000,3299.0000,3299.0000,0
2018-03-21 00:00,3274.0000,3274.0000,3274.0000,3274.0000,0
2018-03-22 00:00,3274.0000,3274.0000,3274.0000,3274.0000,0
2018-03-23 00:00,3274.0000,3274.0000,3274.0000,3274.0000,0
2018-03-26 00:00,3274.0000,3274.0000,3274.0000,3274.0000,0
2018-03-27 00:00,3274.0000,3274.0000,3274.0000,3274.0000,0
2018-03-28 00:00,3275.0000,3275.0000,3275.0000,3275.0000,0
2018-03-29 00:00,3281.5000,3281.5000,3281.5000,3281.5000,0
2018-04-02 00:00,3281.5000,3281.5000,3281.5000,3281.5000,0
2018-04-03 00:00,3283.5000,3283.5000,3283.5000,3283.5000,0
2018-04-04 00:00,3257.0000,3257.0000,3257.0000,3257.0000,0
2018-04-05 00:00,3243.0000,3243.0000,3243.0000,3243.0000,0
2018-04-06 00:00,3245.5000,3245.5000,3245.5000,3245.5000,0
2018-04-09 00:00,3214.0000,3214.0000,3214.0000,3214.0000,0
2018-04-10 00:00,3243.0000,3243.0000,3243.0000,3243.0000,0
2018-04-11 00:00,3243.0000,3243.0000,3243.0000,3243.0000,0
2018-04-12 00:00,3098.5000,3098.5000,3098.5000,3098.5000,0
2018-04-13 00:00,3112.5000,3112.5000,3112.5000,3112.5000,0
2018-04-16 00:00,3112.5000,3112.5000,3112.5000,3112.5000,0
2018-04-17 00:00,3112.5000,3112.5000,3112.5000,3112.5000,0
2018-04-18 00:00,3262.5000,3262.5000,3262.5000,3262.5000,0
2018-04-19 00:00,3262.5000,3262.5000,3262.5000,3262.5000,0
2018-04-20 00:00,3262.5000,3262.5000,3262.5000,3262.5000,0
2018-04-23 00:00,3262.5000,3262.5000,3262.5000,3262.5000,0
2018-04-24 00:00,3235.5000,3235.5000,3235.5000,3235.5000,0
2018-04-25 00:00,3159.5000,3159.5000,3159.5000,3159.5000,0
2018-04-26 00:00,3159.5000,3159.5000,3159.5000,3159.5000,0
2018-04-27 00:00,3133.5000,3133.5000,3133.5000,3133.5000,0
2018-04-30 00:00,3130.0000,3130.0000,3130.0000,3130.0000,0
2018-05-01 00:00,3072.5000,3072.5000,3072.5000,3072.5000,0
2018-05-02 00:00,3060.0000,3060.0000,3060.0000,3060.0000,0
2018-05-03 00:00,3003.5000,3003.5000,3003.5000,3003.5000,0
2018-05-04 00:00,3061.0000,3061.0000,3061.0000,3061.0000,0
2018-05-07 00:00,3061.0000,3061.0000,3061.0000,3061.0000,0
2018-05-08 00:00,3062.0000,3062.0000,3062.0000,3062.0000,0
2018-05-09 00:00,3086.5000,3086.5000,3086.5000,3086.5000,0
2018-05-10 00:00,3089.5000,3089.5000,3089.5000,3089.5000,0
2018-05-11 00:00,3090.0000,3090.0000,3090.0000,3090.0000,0
2018-05-14 00:00,3062.5000,3062.5000,3062.5000,3062.5000,0
2018-05-15 00:00,3055.0000,3055.0000,3055.0000,3055.0000,0
2018-05-16 00:00,3076.0000,3076.0000,3076.0000,3076.0000,0
2018-05-17 00:00,3076.0000,3076.0000,3076.0000,3076.0000,0
2018-05-18 00:00,3076.0000,3076.0000,3076.0000,3076.0000,0
2018-05-21 00:00,3076.0000,3076.0000,3076.0000,3076.0000,0
2018-05-22 00:00,3058.0000,3058.0000,3058.0000,3058.0000,0
2018-05-23 00:00,3058.0000,3058.0000,3058.0000,3058.0000,0
2018-05-24 00:00,3050.5000,3050.5000,3050.5000,3050.5000,0
2018-05-25 00:00,3065.5000,3065.5000,3065.5000,3065.5000,0
2018-05-29 00:00,3096.5000,3096.5000,3096.5000,3096.5000,0
2018-05-30 00:00,3143.5000,3143.5000,3143.5000,3143.5000,0
2018-05-31 00:00,3100.0000,3100.0000,3100.0000,3100.0000,0
2018-06-01 00:00,3102.5000,3102.5000,3102.5000,3102.5000,0
2018-06-04 00:00,3120.0000,3120.0000,3120.0000,3120.0000,0
2018-06-05 00:00,3200.0000,3200.0000,3200.0000,3200.0000,0
2018-06-06 00:00,3198.5000,3198.5000,3198.5000,3198.5000,0
2018-06-07 00:00,3182.5000,3182.5000,3182.5000,3182.5000,0
2018-06-08 00:00,3204.0000,3204.0000,3204.0000,3204.0000,0
2018-06-11 00:00,3207.0000,3207.0000,3207.0000,3207.0000,0
2018-06-12 00:00,3202.5000,3202.5000,3202.5000,3202.5000,0
2018-06-13 00:00,3218.5000,3218.5000,3218.5000,3218.5000,0
2018-06-14 00:00,3200.5000,3200.5000,3200.5000,3200.5000,0
2018-06-15 00:00,3200.5000,3200.5000,3200.5000,3200.5000,0
2018-06-18 00:00,3200.5000,3200.5000,3200.5000,3200.5000,0
2018-06-19 00:00,3200.5000,3200.5000,3200.5000,3200.5000,0
2018-06-20 00:00,3200.5000,3200.5000,3200.5000,3200.5000,0
2018-06-21 00:00,3200.5000,3200.5000,3200.5000,3200.5000,0
2018-06-22 00:00,3200.5000,3200.5000,2979.0000,2979.0000,0
2018-06-25 00:00,2979.0000,2979.0000,2979.0000,2979.0000,0
2018-06-26 00:00,2949.5000,2949.5000,2949.5000,2949.5000,0
2018-06-27 00:00,2993.5000,2993.5000,2993.5000,2993.5000,0
2018-06-28 00:00,2880.5000,2968.0000,2880.5000,2968.0000,3
2018-06-29 00:00,2869.0000,2869.0000,2869.0000,2869.0000,0
2018-07-02 00:00,2835.5000,2835.5000,2835.5000,2835.5000,0
2018-07-03 00:00,2803.0000,2803.0000,2803.0000,2803.0000,0
2018-07-05 00:00,2721.0000,2721.0000,2721.0000,2721.0000,0
2018-07-06 00:00,2749.5000,2749.5000,2749.5000,2749.5000,0
2018-07-09 00:00,2722.0000,2722.0000,2722.0000,2722.0000,0
2018-07-10 00:00,2639.5000,2639.5000,2639.5000,2639.5000,0
2018-07-11 00:00,2576.0000,2576.0000,2576.0000,2576.0000,0
2018-07-12 00:00,2601.0000,2601.0000,2601.0000,2601.0000,0
2018-07-13 00:00,2601.0000,2601.0000,2601.0000,2601.0000,0
2018-07-16 00:00,2504.0000,2504.0000,2504.0000,2504.0000,0
2018-07-17 00:00,2504.0000,2504.0000,2504.0000,2504.0000,0
2018-07-18 00:00,2588.0000,2588.0000,2588.0000,2588.0000,0
2018-07-19 00:00,2564.0000,2564.0000,2564.0000,2564.0000,0
2018-07-20 00:00,2573.5000,2573.5000,2573.5000,2573.5000,0
2018-07-23 00:00,2573.5000,2573.5000,2573.5000,2573.5000,0
2018-07-24 00:00,2617.0000,2617.0000,2617.0000,2617.0000,0
2018-07-25 00:00,2607.0000,2607.0000,2607.0000,2607.0000,0
2018-07-26 00:00,2600.5000,2600.5000,2600.5000,2600.5000,0
2018-07-27 00:00,2581.0000,2581.0000,2581.0000,2581.0000,0
2018-07-30 00:00,2549.0000,2549.0000,2549.0000,2549.0000,0
2018-07-31 00:00,2624.5000,2624.5000,2624.5000,2624.5000,0
2018-08-01 00:00,2568.5000,2568.5000,2568.5000,2568.5000,0
2018-08-02 00:00,2570.5000,2570.5000,2570.5000,2570.5000,0
2018-08-03 00:00,2617.5000,2617.5000,2617.5000,2617.5000,0
2018-08-06 00:00,2587.5000,2587.5000,2587.5000,2587.5000,0
2018-08-07 00:00,2605.0000,2605.0000,2605.0000,2605.0000,0
2018-08-08 00:00,2605.0000,2605.0000,2605.0000,2605.0000,0
2018-08-09 00:00,2605.0000,2605.0000,2605.0000,2605.0000,0
2018-08-10 00:00,2563.5000,2563.5000,2563.5000,2563.5000,0
2018-08-13 00:00,2563.5000,2563.5000,2563.5000,2563.5000,0
2018-08-14 00:00,2473.0000,2473.0000,2473.0000,2473.0000,0
2018-08-15 00:00,2473.0000,2473.0000,2473.0000,2473.0000,0
2018-08-16 00:00,2473.0000,2473.0000,2473.0000,2473.0000,0
2018-08-17 00:00,2399.0000,2399.0000,2399.0000,2399.0000,0
2018-08-20 00:00,2399.0000,2399.0000,2399.0000,2399.0000,0
2018-08-21 00:00,2450.0000,2450.0000,2450.0000,2450.0000,0
2018-08-22 00:00,2450.0000,2450.0000,2450.0000,2450.0000,0
2018-08-23 00:00,2450.0000,2450.0000,2450.0000,2450.0000,0
2018-08-24 00:00,2450.0000,2450.0000,2450.0000,2450.0000,0
2018-08-27 00:00,2450.0000,2450.0000,2450.0000,2450.0000,0
2018-08-28 00:00,2450.0000,2450.0000,2450.0000,2450.0000,0
2018-08-29 00:00,2450.0000,2450.0000,2450.0000,2450.0000,0
2018-08-30 00:00,2467.5000,2467.5000,2467.5000,2467.5000,0
2018-08-31 00:00,2472.0000,2472.0000,2472.0000,2472.0000,0
2018-09-04 00:00,2433.0000,2433.0000,2433.0000,2433.0000,0
2018-09-05 00:00,2433.0000,2433.0000,2433.0000,2433.0000,0
2018-09-06 00:00,2447.5000,2447.5000,2447.5000,2447.5000,0
2018-09-07 00:00,2443.5000,2443.5000,2443.5000,2443.5000,0
2018-09-10 00:00,2443.5000,2443.5000,2443.5000,2443.5000,0
2018-09-11 00:00,2343.0000,2343.0000,2343.0000,2343.0000,0
2018-09-12 00:00,2343.0000,2343.0000,2343.0000,2343.0000,0
2018-09-13 00:00,2368.0000,2368.0000,2368.0000,2368.0000,0
2018-09-14 00:00,2368.0000,2368.0000,2368.0000,2368.0000,0
2018-09-17 00:00,2368.0000,2368.0000,2368.0000,2368.0000,0
2018-09-18 00:00,2368.0000,2368.0000,2368.0000,2368.0000,0
2018-09-19 00:00,2368.0000,2368.0000,2368.0000,2368.0000,0
2018-09-20 00:00,2368.0000,2368.0000,2368.0000,2368.0000,0
2018-09-21 00:00,2368.0000,2368.0000,2368.0000,2368.0000,0
2018-09-24 00:00,2368.0000,2368.0000,2368.0000,2368.0000,0
2018-09-25 00:00,2368.0000,2368.0000,2368.0000,2368.0000,0
2018-09-26 00:00,2550.0000,2550.0000,2550.0000,2550.0000,0
2018-09-27 00:00,2528.5000,2528.5000,2528.5000,2528.5000,0
2018-09-28 00:00,2528.5000,2528.5000,2528.5000,2528.5000,0
2018-10-01 00:00,2528.5000,2528.5000,2528.5000,2528.5000,0
2018-10-02 00:00,2528.5000,2528.5000,2528.5000,2528.5000,0
2018-10-03 00:00,2697.0000,2697.0000,2697.0000,2697.0000,0
2018-10-04 00:00,2656.5000,2656.5000,2656.5000,2656.5000,0
2018-10-05 00:00,2656.5000,2656.5000,2656.5000,2656.5000,0
2018-10-08 00:00,2656.5000,2656.5000,2656.5000,2656.5000,0
2018-10-09 00:00,2729.5000,2729.5000,2729.5000,2729.5000,0
2018-10-10 00:00,2729.5000,2729.5000,2729.5000,2729.5000,0
2018-10-11 00:00,2729.5000,2729.5000,2729.5000,2729.5000,0
2018-10-12 00:00,2729.5000,2729.5000,2729.5000,2729.5000,0
2018-10-15 00:00,2642.5000,2642.5000,2642.5000,2642.5000,0
2018-10-16 00:00,2642.5000,2642.5000,2642.5000,2642.5000,0
2018-10-17 00:00,2710.0000,2710.0000,2710.0000,2710.0000,0
2018-10-18 00:00,2723.0000,2723.0000,2723.0000,2723.0000,0
2018-10-19 00:00,2684.0000,2684.0000,2684.0000,2684.0000,0
2018-10-22 00:00,2699.0000,2699.0000,2699.0000,2699.0000,0
2018-10-23 00:00,2699.0000,2699.0000,2699.0000,2699.0000,0
2018-10-24 00:00,2699.0000,2699.0000,2699.0000,2699.0000,0
2018-10-25 00:00,2699.0000,2699.0000,2699.0000,2699.0000,0
2018-10-26 00:00,2697.5000,2697.5000,2697.5000,2697.5000,0
2018-10-29 00:00,2697.5000,2697.5000,2697.5000,2697.5000,0
2018-10-30 00:00,2603.0000,2603.0000,2603.0000,2603.0000,0
2018-10-31 00:00,2603.0000,2603.0000,2603.0000,2603.0000,0
2018-11-01 00:00,2592.5000,2592.5000,2592.5000,2592.5000,0
2018-11-02 00:00,2612.5000,2612.5000,2612.5000,2612.5000,0
2018-11-05 00:00,2572.0000,2572.0000,2572.0000,2572.0000,0
2018-11-06 00:00,2550.5000,2550.5000,2550.5000,2550.5000,0
2018-11-07 00:00,2505.0000,2505.0000,2505.0000,2505.0000,0
2018-11-08 00:00,2558.5000,2558.5000,2558.5000,2558.5000,0
2018-11-09 00:00,2535.5000,2535.5000,2535.5000,2535.5000,0
2018-11-12 00:00,2551.5000,2551.5000,2551.5000,2551.5000,0
2018-11-13 00:00,2545.5000,2545.5000,2545.5000,2545.5000,0
2018-11-14 00:00,2546.5000,2546.5000,2546.5000,2546.5000,0
2018-11-15 00:00,2596.0000,2596.0000,2596.0000,2596.0000,0
2018-11-16 00:00,2653.5000,2653.5000,2653.5000,2653.5000,0
2018-11-19 00:00,2635.5000,2635.5000,2635.5000,2635.5000,0
2018-11-20 00:00,2629.5000,2629.5000,2629.5000,2629.5000,0
2018-11-21 00:00,2607.5000,2607.5000,2607.5000,2607.5000,0
2018-11-23 00:00,2607.5000,2607.5000,2607.5000,2607.5000,0
2018-11-26 00:00,2535.0000,2535.0000,2535.0000,2535.0000,0
2018-11-27 00:00,2479.5000,2479.5000,2479.5000,2479.5000,0
2018-11-28 00:00,2494.0000,2494.0000,2494.0000,2494.0000,0
2018-11-29 00:00,2491.5000,2491.5000,2491.5000,2491.5000,0
2018-11-30 00:00,2563.0000,2563.0000,2563.0000,2563.0000,0
2018-12-03 00:00,2604.5000,2604.5000,2604.5000,2604.5000,0
2018-12-04 00:00,2622.0000,2622.0000,2622.0000,2622.0000,0
2018-12-06 00:00,2614.5000,2614.5000,2614.5000,2614.5000,0
2018-12-07 00:00,2613.5000,2613.5000,2613.5000,2613.5000,0
2018-12-10 00:00,2600.0000,2600.0000,2600.0000,2600.0000,0
2018-12-11 00:00,2644.0000,2644.0000,2644.0000,2644.0000,0
2018-12-12 00:00,2614.0000,2614.0000,2614.0000,2614.0000,0
2018-12-13 00:00,2605.5000,2605.5000,2605.5000,2605.5000,0
2018-12-14 00:00,2579.5000,2579.5000,2579.5000,2579.5000,0
2018-12-17 00:00,2572.5000,2572.5000,2572.5000,2572.5000,0
2018-12-18 00:00,2540.5000,2540.5000,2540.5000,2540.5000,0
2018-12-19 00:00,2570.0000,2570.0000,2570.0000,2570.0000,0
2018-12-20 00:00,2570.0000,2570.0000,2570.0000,2570.0000,0
2018-12-21 00:00,2570.0000,2570.0000,2570.0000,2570.0000,0
2018-12-24 00:00,2570.0000,2570.0000,2570.0000,2570.0000,0
2018-12-26 00:00,2570.0000,2570.0000,2570.0000,2570.0000,0
2018-12-27 00:00,2570.0000,2570.0000,2570.0000,2570.0000,0
2018-12-28 00:00,2552.0000,2552.0000,2552.0000,2552.0000,0
2018-12-31 00:00,2552.0000,2552.0000,2552.0000,2552.0000,0
2019-01-02 00:00,2407.5000,2407.5000,2407.5000,2407.5000,0
2019-01-03 00:00,2377.5000,2377.5000,2377.5000,2377.5000,0
2019-01-04 00:00,2440.0000,2440.0000,2440.0000,2440.0000,0
2019-01-07 00:00,2492.0000,2492.0000,2492.0000,2492.0000,0
2019-01-08 00:00,2483.0000,2483.0000,2483.0000,2483.0000,0
2019-01-09 00:00,2486.5000,2486.5000,2486.5000,2486.5000,0
2019-01-10 00:00,2460.0000,2460.0000,2460.0000,2460.0000,0
2019-01-11 00:00,2491.0000,2491.0000,2491.0000,2491.0000,0
2019-01-14 00:00,2484.0000,2484.0000,2484.0000,2484.0000,0
2019-01-15 00:00,2472.0000,2472.0000,2472.0000,2472.0000,0
2019-01-16 00:00,2497.5000,2497.5000,2497.5000,2497.5000,0
2019-01-17 00:00,2497.5000,2497.5000,2497.5000,2497.5000,0
2019-01-18 00:00,2497.5000,2497.5000,2497.5000,2497.5000,0
2019-01-22 00:00,2497.5000,2497.5000,2497.5000,2497.5000,0
2019-01-23 00:00,2497.5000,2497.5000,2497.5000,2497.5000,0
2019-01-24 00:00,2497.5000,2497.5000,2497.5000,2497.5000,0
2019-01-25 00:00,2672.0000,2672.0000,2672.0000,2672.0000,0
2019-01-28 00:00,2672.0000,2672.0000,2672.0000,2672.0000,0
2019-01-29 00:00,2672.0000,2672.0000,2672.0000,2672.0000,0
2019-01-30 00:00,2669.0000,2669.0000,2669.0000,2669.0000,0
2019-01-31 00:00,2669.0000,2669.0000,2669.0000,2669.0000,0
2019-02-01 00:00,2758.0000,2758.0000,2758.0000,2758.0000,0
2019-02-04 00:00,2792.0000,2792.0000,2792.0000,2792.0000,0
2019-02-05 00:00,2743.0000,2743.0000,2743.0000,2743.0000,0
2019-02-06 00:00,2704.0000,2704.0000,2704.0000,2704.0000,0
2019-02-07 00:00,2720.0000,2720.0000,2720.0000,2720.0000,0
2019-02-08 00:00,2692.0000,2692.0000,2692.0000,2692.0000,0
2019-02-11 00:00,2638.5000,2638.5000,2638.5000,2638.5000,0
2019-02-12 00:00,2602.0000,2602.0000,2602.0000,2602.0000,0
2019-02-13 00:00,2598.0000,2598.0000,2598.0000,2598.0000,0
2019-02-14 00:00,2603.5000,2603.5000,2603.5000,2603.5000,0
2019-02-15 00:00,2603.5000,2603.5000,2603.5000,2603.5000,0
2019-02-19 00:00,2603.5000,2603.5000,2603.5000,2603.5000,0
2019-02-20 00:00,2603.5000,2603.5000,2603.5000,2603.5000,0
2019-02-21 00:00,2603.5000,2603.5000,2603.5000,2603.5000,0
2019-02-22 00:00,2603.5000,2603.5000,2603.5000,2603.5000,0
2019-02-25 00:00,2603.5000,2603.5000,2603.5000,2603.5000,0
2019-02-26 00:00,2603.5000,2603.5000,2603.5000,2603.5000,0
2019-02-27 00:00,2618.0000,2618.0000,2618.0000,2618.0000,0
2019-02-28 00:00,2618.0000,2618.0000,2618.0000,2618.0000,0
2019-03-01 00:00,2618.0000,2618.0000,2618.0000,2618.0000,0
2019-03-04 00:00,2732.5000,2732.5000,2732.5000,2732.5000,0
2019-03-05 00:00,2770.5000,2770.5000,2770.5000,2770.5000,0
2019-03-06 00:00,2779.0000,2779.0000,2779.0000,2779.0000,0
2019-03-07 00:00,2752.0000,2752.0000,2752.0000,2752.0000,0
2019-03-08 00:00,2728.0000,2728.0000,2728.0000,2728.0000,0
2019-03-11 00:00,2754.0000,2754.0000,2754.0000,2754.0000,0
2019-03-12 00:00,2841.5000,2841.5000,2841.5000,2841.5000,0
2019-03-13 00:00,2850.5000,2850.5000,2850.5000,2850.5000,0
2019-03-14 00:00,2840.5000,2840.5000,2840.5000,2840.5000,0
2019-03-15 00:00,2808.0000,2808.0000,2808.0000,2808.0000,0
2019-03-18 00:00,2808.0000,2808.0000,2808.0000,2808.0000,0
2019-03-19 00:00,2825.5000,2825.5000,2825.5000,2825.5000,0
2019-03-20 00:00,2825.5000,2825.5000,2825.5000,2825.5000,0
2019-03-21 00:00,2825.5000,2825.5000,2825.5000,2825.5000,0
2019-03-22 00:00,2825.5000,2825.5000,2825.5000,2825.5000,0
2019-03-25 00:00,2825.5000,2825.5000,2825.5000,2825.5000,0
2019-03-26 00:00,2825.5000,2825.5000,2825.5000,2825.5000,0
2019-03-27 00:00,2825.5000,2825.5000,2825.5000,2825.5000,0
2019-03-28 00:00,2868.0000,2868.0000,2868.0000,2868.0000,0
2019-03-29 00:00,2868.0000,2868.0000,2868.0000,2868.0000,0
2019-04-01 00:00,2912.5000,2912.5000,2912.5000,2912.5000,0
2019-04-02 00:00,2862.0000,2862.0000,2862.0000,2862.0000,0
2019-04-03 00:00,2924.0000,2924.0000,2924.0000,2924.0000,0
2019-04-04 00:00,2907.5000,2907.5000,2907.5000,2907.5000,0
2019-04-05 00:00,2914.5000,2914.5000,2914.5000,2914.5000,0
2019-04-08 00:00,2899.0000,2899.0000,2899.0000,2899.0000,0
2019-04-09 00:00,2860.5000,2860.5000,2860.5000,2860.5000,0
2019-04-10 00:00,2872.5000,2872.5000,2872.5000,2872.5000,0
2019-04-11 00:00,2863.0000,2863.0000,2863.0000,2863.0000,0
2019-04-12 00:00,2917.0000,2917.0000,2917.0000,2917.0000,0
2019-04-15 00:00,2897.0000,2897.0000,2897.0000,2897.0000,0
2019-04-16 00:00,2807.5000,2807.5000,2807.5000,2807.5000,0
2019-04-17 00:00,2807.5000,2807.5000,2807.5000,2807.5000,0
2019-04-18 00:00,2807.5000,2807.5000,2807.5000,2807.5000,0
2019-04-22 00:00,2807.5000,2807.5000,2807.5000,2807.5000,0
2019-04-23 00:00,2807.5000,2807.5000,2807.5000,2807.5000,0
2019-04-24 00:00,2807.5000,2807.5000,2807.5000,2807.5000,0
2019-04-25 00:00,2807.5000,2807.5000,2807.5000,2807.5000,0
2019-04-26 00:00,2809.0000,2809.0000,2809.0000,2809.0000,0
2019-04-29 00:00,2828.5000,2828.5000,2828.5000,2828.5000,0
2019-04-30 00:00,2828.5000,2828.5000,2828.5000,2828.5000,0
2019-05-01 00:00,2848.0000,2848.0000,2848.0000,2848.0000,0
2019-05-02 00:00,2809.0000,2809.0000,2809.0000,2809.0000,0
2019-05-03 00:00,2845.5000,2845.5000,2845.5000,2845.5000,0
2019-05-06 00:00,2845.5000,2845.5000,2845.5000,2845.5000,0
2019-05-07 00:00,2771.5000,2771.5000,2771.5000,2771.5000,0
2019-05-08 00:00,2720.0000,2720.0000,2720.0000,2720.0000,0
2019-05-09 00:00,2683.5000,2683.5000,2683.5000,2683.5000,0
2019-05-10 00:00,2704.0000,2704.0000,2704.0000,2704.0000,0
2019-05-13 00:00,2643.5000,2643.5000,2643.5000,2643.5000,0
2019-05-14 00:00,2664.5000,2664.5000,2664.5000,2664.5000,0
2019-05-15 00:00,2664.5000,2664.5000,2664.5000,2664.5000,0
2019-05-16 00:00,2706.5000,2706.5000,2706.5000,2706.5000,0
2019-05-17 00:00,2706.5000,2706.5000,2706.5000,2706.5000,0
2019-05-20 00:00,2706.5000,2706.5000,2706.5000,2706.5000,0
2019-05-21 00:00,2706.5000,2706.5000,2706.5000,2706.5000,0
2019-05-22 00:00,2706.5000,2706.5000,2706.5000,2706.5000,0
2019-05-23 00:00,2706.5000,2706.5000,2706.5000,2706.5000,0
2019-05-24 00:00,2706.5000,2706.5000,2706.5000,2706.5000,0
2019-05-28 00:00,2706.5000,2706.5000,2706.5000,2706.5000,0
2019-05-29 00:00,2706.5000,2706.5000,2706.5000,2706.5000,0
2019-05-30 00:00,2660.0000,2660.0000,2660.0000,2660.0000,0
2019-05-31 00:00,2660.0000,2660.0000,2660.0000,2660.0000,0
2019-06-03 00:00,2660.0000,2660.0000,2660.0000,2660.0000,0
2019-06-04 00:00,2660.0000,2660.0000,2660.0000,2660.0000,0
2019-06-05 00:00,2660.0000,2660.0000,2660.0000,2660.0000,0
2019-06-06 00:00,2595.5000,2595.5000,2595.5000,2595.5000,0
2019-06-07 00:00,2595.5000,2595.5000,2595.5000,2595.5000,0
2019-06-10 00:00,2595.5000,2595.5000,2595.5000,2595.5000,0
2019-06-11 00:00,2595.5000,2595.5000,2595.5000,2595.5000,0
2019-06-12 00:00,2558.5000,2558.5000,2558.5000,2558.5000,0
2019-06-13 00:00,2526.0000,2526.0000,2526.0000,2526.0000,0
2019-06-14 00:00,2506.5000,2506.5000,2506.5000,2506.5000,0
2019-06-17 00:00,2506.5000,2506.5000,2506.5000,2506.5000,0
2019-06-18 00:00,2506.5000,2506.5000,2506.5000,2506.5000,0
2019-06-19 00:00,2506.5000,2506.5000,2506.5000,2506.5000,0
2019-06-20 00:00,2506.5000,2506.5000,2506.5000,2506.5000,0
2019-06-21 00:00,2506.5000,2506.5000,2506.5000,2506.5000,0
2019-06-24 00:00,2506.5000,2506.5000,2506.5000,2506.5000,0
2019-06-25 00:00,2506.5000,2506.5000,2506.5000,2506.5000,0
2019-06-26 00:00,2575.0000,2575.0000,2575.0000,2575.0000,3
2019-06-27 00:00,2530.0000,2530.0000,2530.0000,2530.0000,0
2019-06-28 00:00,2530.0000,2530.0000,2530.0000,2530.0000,0
2019-07-01 00:00,2530.0000,2530.0000,2530.0000,2530.0000,0
2019-07-02 00:00,2530.0000,2530.0000,2530.0000,2530.0000,0
2019-07-03 00:00,2530.0000,2530.0000,2530.0000,2530.0000,0
2019-07-05 00:00,2530.0000,2530.0000,2530.0000,2530.0000,0
2019-07-08 00:00,2530.0000,2530.0000,2530.0000,2530.0000,0
2019-07-09 00:00,2530.0000,2530.0000,2530.0000,2530.0000,0
2019-07-10 00:00,2530.0000,2530.0000,2530.0000,2530.0000,0
2019-07-11 00:00,2530.0000,2530.0000,2530.0000,2530.0000,0
2019-07-12 00:00,2530.0000,2530.0000,2530.0000,2530.0000,0
2019-07-15 00:00,2530.0000,2530.0000,2530.0000,2530.0000,0
2019-07-16 00:00,2530.0000,2530.0000,2530.0000,2530.0000,0
2019-07-17 00:00,2530.0000,2530.0000,2530.0000,2530.0000,0
2019-07-18 00:00,2530.0000,2530.0000,2530.0000,2530.0000,0
2019-07-19 00:00,2530.0000,2530.0000,2530.0000,2530.0000,0
2019-07-22 00:00,2530.0000,2530.0000,2530.0000,2530.0000,0
2019-07-23 00:00,2530.0000,2530.0000,2530.0000,2530.0000,0
2019-07-24 00:00,2530.0000,2530.0000,2530.0000,2530.0000,0
2019-07-25 00:00,2530.0000,2530.0000,2530.0000,2530.0000,0
2019-07-26 00:00,2530.0000,2530.0000,2530.0000,2530.0000,0
2019-07-29 00:00,2530.0000,2530.0000,2530.0000,2530.0000,0
2019-07-30 00:00,2530.0000,2530.0000,2530.0000,2530.0000,0
2019-07-31 00:00,2530.0000,2530.0000,2530.0000,2530.0000,0
2019-08-01 00:00,2530.0000,2530.0000,2530.0000,2530.0000,0
2019-08-02 00:00,2530.0000,2530.0000,2530.0000,2530.0000,0
2019-08-05 00:00,2530.0000,2530.0000,2530.0000,2530.0000,0
2019-08-06 00:00,2530.0000,2530.0000,2530.0000,2530.0000,0
2019-08-07 00:00,2530.0000,2530.0000,2530.0000,2530.0000,0
2019-08-08 00:00,2530.0000,2530.0000,2530.0000,2530.0000,0
2019-08-09 00:00,2530.0000,2530.0000,2530.0000,2530.0000,0
2019-08-12 00:00,2530.0000,2530.0000,2530.0000,2530.0000,0
2019-08-13 00:00,2530.0000,2530.0000,2530.0000,2530.0000,0
2019-08-14 00:00,2530.0000,2530.0000,2530.0000,2530.0000,0
2019-08-15 00:00,2530.0000,2530.0000,2530.0000,2530.0000,0
2019-08-16 00:00,2530.0000,2530.0000,2530.0000,2530.0000,0
2019-08-19 00:00,2530.0000,2530.0000,2530.0000,2530.0000,0
2019-08-20 00:00,2530.0000,2530.0000,2530.0000,2530.0000,0
2019-08-21 00:00,2530.0000,2530.0000,2530.0000,2530.0000,0
2019-08-22 00:00,2530.0000,2530.0000,2530.0000,2530.0000,0
2019-08-23 00:00,2530.0000,2530.0000,2530.0000,2530.0000,0
2019-08-26 00:00,2530.0000,2530.0000,2530.0000,2530.0000,0
2019-08-27 00:00,2530.0000,2530.0000,2530.0000,2530.0000,0
2019-08-28 00:00,2530.0000,2530.0000,2530.0000,2530.0000,0
2019-08-29 00:00,2530.0000,2530.0000,2530.0000,2530.0000,0
2019-08-30 00:00,2530.0000,2530.0000,2530.0000,2530.0000,0
2019-09-03 00:00,2530.0000,2530.0000,2530.0000,2530.0000,0
2019-09-04 00:00,2530.0000,2530.0000,2530.0000,2530.0000,0
2019-09-05 00:00,2530.0000,2530.0000,2530.0000,2530.0000,0
2019-09-06 00:00,2530.0000,2530.0000,2530.0000,2530.0000,0
2019-09-09 00:00,2530.0000,2530.0000,2530.0000,2530.0000,0
2019-09-10 00:00,2530.0000,2530.0000,2530.0000,2530.0000,0
2019-09-11 00:00,2530.0000,2530.0000,2530.0000,2530.0000,0
2019-09-12 00:00,2530.0000,2530.0000,2530.0000,2530.0000,0
2019-09-13 00:00,2530.0000,2530.0000,2530.0000,2530.0000,0
2019-09-16 00:00,2530.0000,2530.0000,2530.0000,2530.0000,0
2019-09-17 00:00,2530.0000,2530.0000,2530.0000,2530.0000,0
2019-09-18 00:00,2530.0000,2530.0000,2530.0000,2530.0000,0
2019-09-19 00:00,2530.0000,2530.0000,2530.0000,2530.0000,0
2019-09-20 00:00,2530.0000,2530.0000,2530.0000,2530.0000,0
2019-09-23 00:00,2530.0000,2530.0000,2530.0000,2530.0000,0
2019-09-24 00:00,2530.0000,2530.0000,2530.0000,2530.0000,0
2019-09-25 00:00,2530.0000,2530.0000,2530.0000,2530.0000,0
2019-09-26 00:00,2530.0000,2530.0000,2530.0000,2530.0000,0
2019-09-27 00:00,2520.0000,2520.0000,2520.0000,2520.0000,0
2019-09-30 00:00,2520.0000,2520.0000,2520.0000,2520.0000,0
2019-10-01 00:00,2520.0000,2520.0000,2520.0000,2520.0000,0
2019-10-02 00:00,2520.0000,2520.0000,2520.0000,2520.0000,0
2019-10-03 00:00,2520.0000,2520.0000,2520.0000,2520.0000,0
2019-10-04 00:00,2520.0000,2520.0000,2520.0000,2520.0000,0
2019-10-07 00:00,2520.0000,2520.0000,2520.0000,2520.0000,0
2019-10-08 00:00,2520.0000,2520.0000,2520.0000,2520.0000,0
2019-10-09 00:00,2520.0000,2520.0000,2520.0000,2520.0000,0
2019-10-10 00:00,2520.0000,2520.0000,2520.0000,2520.0000,0
2019-10-11 00:00,2520.0000,2520.0000,2520.0000,2520.0000,0
2019-10-14 00:00,2520.0000,2520.0000,2520.0000,2520.0000,0
2019-10-15 00:00,2520.0000,2520.0000,2520.0000,2520.0000,0
2019-10-16 00:00,2520.0000,2520.0000,2520.0000,2520.0000,0
2019-10-17 00:00,2520.0000,2520.0000,2520.0000,2520.0000,0
2019-10-18 00:00,2520.0000,2520.0000,2520.0000,2520.0000,0
2019-10-21 00:00,2520.0000,2520.0000,2520.0000,2520.0000,0
2019-10-22 00:00,2520.0000,2520.0000,2520.0000,2520.0000,0
2019-10-23 00:00,2520.0000,2520.0000,2520.0000,2520.0000,0
2019-10-24 00:00,2520.0000,2520.0000,2520.0000,2520.0000,0
2019-10-25 00:00,2520.0000,2520.0000,2520.0000,2520.0000,0
2019-10-28 00:00,2520.0000,2520.0000,2520.0000,2520.0000,0
2019-10-29 00:00,2520.0000,2520.0000,2520.0000,2520.0000,0
2019-10-30 00:00,2520.0000,2520.0000,2520.0000,2520.0000,0
2019-10-31 00:00,2520.0000,2520.0000,2520.0000,2520.0000,0
2019-11-01 00:00,2520.0000,2520.0000,2520.0000,2520.0000,0
2019-11-04 00:00,2520.0000,2520.0000,2520.0000,2520.0000,0
2019-11-05 00:00,2520.0000,2520.0000,2520.0000,2520.0000,0
2019-11-06 00:00,2520.0000,2520.0000,2520.0000,2520.0000,0
2019-11-07 00:00,2520.0000,2520.0000,2520.0000,2520.0000,0
2019-11-08 00:00,2520.0000,2520.0000,2520.0000,2520.0000,0
2019-11-11 00:00,2520.0000,2520.0000,2520.0000,2520.0000,0
2019-11-12 00:00,2520.0000,2520.0000,2520.0000,2520.0000,0
2019-11-13 00:00,2520.0000,2520.0000,2520.0000,2520.0000,0
2019-11-14 00:00,2520.0000,2520.0000,2520.0000,2520.0000,0
2019-11-15 00:00,2520.0000,2520.0000,2520.0000,2520.0000,0
2019-11-18 00:00,2367.0000,2367.0000,2367.0000,2367.0000,0
2019-11-19 00:00,2353.0000,2353.0000,2353.0000,2353.0000,0
2019-11-20 00:00,2324.5000,2324.5000,2324.5000,2324.5000,0
2019-11-21 00:00,2324.5000,2324.5000,2324.5000,2324.5000,0
2019-11-22 00:00,2324.5000,2324.5000,2324.5000,2324.5000,0
2019-11-25 00:00,2324.5000,2324.5000,2324.5000,2324.5000,0
2019-11-26 00:00,2324.5000,2324.5000,2324.5000,2324.5000,0
2019-11-27 00:00,2323.5000,2323.5000,2323.5000,2323.5000,0
2019-11-29 00:00,2323.5000,2323.5000,2323.5000,2323.5000,0
2019-12-02 00:00,2323.5000,2323.5000,2323.5000,2323.5000,0
2019-12-03 00:00,2323.5000,2323.5000,2323.5000,2323.5000,0
2019-12-04 00:00,2323.5000,2323.5000,2323.5000,2323.5000,0
2019-12-05 00:00,2323.5000,2323.5000,2323.5000,2323.5000,0
2019-12-06 00:00,2323.5000,2323.5000,2323.5000,2323.5000,0
2019-12-09 00:00,2323.5000,2323.5000,2323.5000,2323.5000,0
2019-12-10 00:00,2323.5000,2323.5000,2323.5000,2323.5000,0
2019-12-11 00:00,2323.5000,2323.5000,2323.5000,2323.5000,0
2019-12-12 00:00,2323.5000,2323.5000,2323.5000,2323.5000,0
2019-12-13 00:00,2323.5000,2323.5000,2323.5000,2323.5000,0
2019-12-16 00:00,2323.5000,2323.5000,2323.5000,2323.5000,0
2019-12-17 00:00,2323.5000,2323.5000,2323.5000,2323.5000,0
2019-12-18 00:00,2323.5000,2323.5000,2323.5000,2323.5000,0
2019-12-19 00:00,2323.5000,2323.5000,2323.5000,2323.5000,0
2019-12-20 00:00,2323.5000,2323.5000,2323.5000,2323.5000,0
2019-12-23 00:00,2323.5000,2323.5000,2323.5000,2323.5000,0
2019-12-24 00:00,2323.5000,2323.5000,2323.5000,2323.5000,0
2019-12-26 00:00,2323.5000,2323.5000,2323.5000,2323.5000,0
2019-12-27 00:00,2338.5000,2338.5000,2338.5000,2338.5000,0
2019-12-30 00:00,2338.5000,2338.5000,2338.5000,2338.5000,0
2019-12-31 00:00,2338.5000,2338.5000,2338.5000,2338.5000,0
2020-01-02 00:00,2338.5000,2338.5000,2338.5000,2338.5000,0
2020-01-03 00:00,2338.5000,2338.5000,2338.5000,2338.5000,0
2020-01-06 00:00,2338.5000,2338.5000,2338.5000,2338.5000,0
2020-01-07 00:00,2338.5000,2338.5000,2338.5000,2338.5000,0
2020-01-08 00:00,2338.5000,2338.5000,2338.5000,2338.5000,0
2020-01-09 00:00,2338.5000,2338.5000,2338.5000,2338.5000,0
2020-01-10 00:00,2338.5000,2338.5000,2338.5000,2338.5000,0
2020-01-13 00:00,2338.5000,2338.5000,2338.5000,2338.5000,0
2020-01-14 00:00,2338.5000,2338.5000,2338.5000,2338.5000,0
2020-01-15 00:00,2338.5000,2338.5000,2338.5000,2338.5000,0
2020-01-16 00:00,2338.5000,2338.5000,2338.5000,2338.5000,0
2020-01-17 00:00,2338.5000,2338.5000,2338.5000,2338.5000,0
2020-01-21 00:00,2338.5000,2338.5000,2338.5000,2338.5000,0
2020-01-22 00:00,2338.5000,2338.5000,2338.5000,2338.5000,0
2020-01-23 00:00,2338.5000,2338.5000,2338.5000,2338.5000,0
2020-01-24 00:00,2338.5000,2338.5000,2338.5000,2338.5000,0
2020-01-27 00:00,2338.5000,2338.5000,2338.5000,2338.5000,0
2020-01-28 00:00,2338.5000,2338.5000,2338.5000,2338.5000,0
2020-01-29 00:00,2338.5000,2338.5000,2338.5000,2338.5000,0
2020-01-30 00:00,2304.0000,2304.0000,2304.0000,2304.0000,0
2020-01-31 00:00,2304.0000,2304.0000,2304.0000,2304.0000,0
2020-02-03 00:00,2304.0000,2304.0000,2304.0000,2304.0000,0
2020-02-04 00:00,2304.0000,2304.0000,2304.0000,2304.0000,0
2020-02-05 00:00,2304.0000,2304.0000,2304.0000,2304.0000,0
2020-02-06 00:00,2304.0000,2304.0000,2304.0000,2304.0000,0
2020-02-07 00:00,2304.0000,2304.0000,2304.0000,2304.0000,0
2020-02-10 00:00,2304.0000,2304.0000,2304.0000,2304.0000,0
2020-02-11 00:00,2304.0000,2304.0000,2304.0000,2304.0000,0
2020-02-12 00:00,2304.0000,2304.0000,2304.0000,2304.0000,0
2020-02-13 00:00,2304.0000,2304.0000,2304.0000,2304.0000,0
2020-02-14 00:00,2304.0000,2304.0000,2304.0000,2304.0000,0
2020-02-18 00:00,2304.0000,2304.0000,2304.0000,2304.0000,0
2020-02-19 00:00,2304.0000,2304.0000,2304.0000,2304.0000,0
2020-02-20 00:00,2304.0000,2304.0000,2304.0000,2304.0000,0
2020-02-21 00:00,2304.0000,2304.0000,2304.0000,2304.0000,0
2020-02-24 00:00,2304.0000,2304.0000,2304.0000,2304.0000,0
2020-02-25 00:00,2304.0000,2304.0000,2304.0000,2304.0000,0
2020-02-26 00:00,2304.0000,2304.0000,2304.0000,2304.0000,0
2020-02-27 00:00,2297.0000,2297.0000,2297.0000,2297.0000,0
2020-02-28 00:00,2297.0000,2297.0000,2297.0000,2297.0000,0
2020-03-02 00:00,2297.0000,2297.0000,2297.0000,2297.0000,0
2020-03-03 00:00,2297.0000,2297.0000,2297.0000,2297.0000,0
2020-03-04 00:00,2297.0000,2297.0000,2297.0000,2297.0000,0
2020-03-05 00:00,2297.0000,2297.0000,2297.0000,2297.0000,0
2020-03-06 00:00,2297.0000,2297.0000,2297.0000,2297.0000,0
2020-03-09 00:00,2297.0000,2297.0000,2297.0000,2297.0000,0
2020-03-10 00:00,2297.0000,2297.0000,2297.0000,2297.0000,0
2020-03-11 00:00,2297.0000,2297.0000,2297.0000,2297.0000,0
2020-03-12 00:00,2297.0000,2297.0000,2297.0000,2297.0000,0
2020-03-13 00:00,2297.0000,2297.0000,2297.0000,2297.0000,0
2020-03-16 00:00,2297.0000,2297.0000,2297.0000,2297.0000,0
2020-03-17 00:00,2297.0000,2297.0000,2297.0000,2297.0000,0
2020-03-18 00:00,2297.0000,2297.0000,2297.0000,2297.0000,0
2020-03-19 00:00,2297.0000,2297.0000,2297.0000,2297.0000,0
2020-03-20 00:00,2297.0000,2297.0000,2297.0000,2297.0000,0
2020-03-23 00:00,2297.0000,2297.0000,2297.0000,2297.0000,0
2020-03-24 00:00,2297.0000,2297.0000,2297.0000,2297.0000,0
2020-03-25 00:00,2297.0000,2297.0000,2297.0000,2297.0000,0
2020-03-26 00:00,2297.0000,2297.0000,2297.0000,2297.0000,0
2020-03-27 00:00,2297.0000,2297.0000,2297.0000,2297.0000,0
2020-03-30 00:00,2297.0000,2297.0000,2297.0000,2297.0000,0
2020-03-31 00:00,2297.0000,2297.0000,2297.0000,2297.0000,0
2020-04-01 00:00,2297.0000,2297.0000,2297.0000,2297.0000,0
2020-04-02 00:00,2297.0000,2297.0000,2297.0000,2297.0000,0
2020-04-03 00:00,2297.0000,2297.0000,2297.0000,2297.0000,0
2020-04-06 00:00,2297.0000,2297.0000,2297.0000,2297.0000,0
2020-04-07 00:00,2297.0000,2297.0000,2297.0000,2297.0000,0
2020-04-08 00:00,2297.0000,2297.0000,2297.0000,2297.0000,0
2020-04-09 00:00,2297.0000,2297.0000,2297.0000,2297.0000,0
2020-04-13 00:00,2297.0000,2297.0000,2297.0000,2297.0000,0
2020-04-14 00:00,2297.0000,2297.0000,2297.0000,2297.0000,0
2020-04-15 00:00,2297.0000,2297.0000,2297.0000,2297.0000,0
2020-04-16 00:00,2297.0000,2297.0000,2297.0000,2297.0000,0
2020-04-17 00:00,2297.0000,2297.0000,2297.0000,2297.0000,0
2020-04-20 00:00,2297.0000,2297.0000,2297.0000,2297.0000,0
2020-04-21 00:00,2297.0000,2297.0000,2297.0000,2297.0000,0
2020-04-22 00:00,2297.0000,2297.0000,2297.0000,2297.0000,0
2020-04-23 00:00,2297.0000,2297.0000,2297.0000,2297.0000,0
2020-04-24 00:00,2297.0000,2297.0000,2297.0000,2297.0000,0
2020-04-27 00:00,2297.0000,2297.0000,2297.0000,2297.0000,0
2020-04-28 00:00,2297.0000,2297.0000,2297.0000,2297.0000,0
2020-04-29 00:00,2297.0000,2297.0000,2297.0000,2297.0000,0
2020-04-30 00:00,2297.0000,2297.0000,2297.0000,2297.0000,0
2020-05-01 00:00,2297.0000,2297.0000,2297.0000,2297.0000,0
2020-05-04 00:00,2297.0000,2297.0000,2297.0000,2297.0000,0
2020-05-05 00:00,2297.0000,2297.0000,2297.0000,2297.0000,0
2020-05-06 00:00,2297.0000,2297.0000,2297.0000,2297.0000,0
2020-05-07 00:00,2297.0000,2297.0000,2297.0000,2297.0000,0
2020-05-08 00:00,2297.0000,2297.0000,2297.0000,2297.0000,0
2020-05-11 00:00,2297.0000,2297.0000,2297.0000,2297.0000,0
2020-05-12 00:00,2297.0000,2297.0000,2297.0000,2297.0000,0
2020-05-13 00:00,2297.0000,2297.0000,2297.0000,2297.0000,0
2020-05-14 00:00,2297.0000,2297.0000,2297.0000,2297.0000,0
2020-05-15 00:00,2297.0000,2297.0000,2297.0000,2297.0000,0
2020-05-18 00:00,2297.0000,2297.0000,2297.0000,2297.0000,0
2020-05-19 00:00,2297.0000,2297.0000,2297.0000,2297.0000,0
2020-05-20 00:00,2297.0000,2297.0000,2297.0000,2297.0000,0
2020-05-21 00:00,2297.0000,2297.0000,2297.0000,2297.0000,0
2020-05-22 00:00,2297.0000,2297.0000,2297.0000,2297.0000,0
2020-05-26 00:00,2297.0000,2297.0000,2297.0000,2297.0000,0
2020-05-27 00:00,2297.0000,2297.0000,2297.0000,2297.0000,0
2020-05-28 00:00,2297.0000,2297.0000,2297.0000,2297.0000,0
2020-05-29 00:00,2297.0000,2297.0000,2297.0000,2297.0000,0
2020-06-01 00:00,2297.0000,2297.0000,2297.0000,2297.0000,0
2020-06-02 00:00,2297.0000,2297.0000,2297.0000,2297.0000,0
2020-06-03 00:00,2297.0000,2297.0000,2297.0000,2297.0000,0
2020-06-04 00:00,2297.0000,2297.0000,2297.0000,2297.0000,0
2020-06-05 00:00,2297.0000,2297.0000,2297.0000,2297.0000,0
2020-06-08 00:00,2297.0000,2297.0000,2297.0000,2297.0000,0
2020-06-09 00:00,2297.0000,2297.0000,2297.0000,2297.0000,0
2020-06-10 00:00,2297.0000,2297.0000,2297.0000,2297.0000,0
2020-06-11 00:00,2297.0000,2297.0000,2297.0000,2297.0000,0
2020-06-12 00:00,2297.0000,2297.0000,2297.0000,2297.0000,0
2020-06-15 00:00,2297.0000,2297.0000,2297.0000,2297.0000,0
2020-06-16 00:00,2297.0000,2297.0000,2297.0000,2297.0000,0
2020-06-17 00:00,2297.0000,2297.0000,2297.0000,2297.0000,0
2020-06-18 00:00,2297.0000,2297.0000,2297.0000,2297.0000,0
2020-06-19 00:00,2297.0000,2297.0000,2297.0000,2297.0000,0
2020-06-22 00:00,2297.0000,2297.0000,2297.0000,2297.0000,0
2020-06-23 00:00,2297.0000,2297.0000,2297.0000,2297.0000,0
2020-06-24 00:00,2297.0000,2297.0000,2297.0000,2297.0000,0
2020-06-25 00:00,2297.0000,2297.0000,2297.0000,2297.0000,0
2020-06-26 00:00,2297.0000,2297.0000,2297.0000,2297.0000,0
2020-06-29 00:00,2297.0000,2297.0000,2297.0000,2297.0000,0
2020-06-30 00:00,2297.0000,2297.0000,2297.0000,2297.0000,0
2020-07-01 00:00,2297.0000,2297.0000,2297.0000,2297.0000,0
2020-07-02 00:00,2297.0000,2297.0000,2297.0000,2297.0000,0
2020-07-06 00:00,2297.0000,2297.0000,2297.0000,2297.0000,0
2020-07-07 00:00,2297.0000,2297.0000,2297.0000,2297.0000,0
2020-07-08 00:00,2297.0000,2297.0000,2297.0000,2297.0000,0
2020-07-09 00:00,2297.0000,2297.0000,2297.0000,2297.0000,0
2020-07-10 00:00,2297.0000,2297.0000,2297.0000,2297.0000,0
2020-07-13 00:00,2297.0000,2297.0000,2297.0000,2297.0000,0
2020-07-14 00:00,2297.0000,2297.0000,2297.0000,2297.0000,0
2020-07-15 00:00,2297.0000,2297.0000,2297.0000,2297.0000,0
2020-07-16 00:00,2297.0000,2297.0000,2297.0000,2297.0000,0
2020-07-17 00:00,2297.0000,2297.0000,2297.0000,2297.0000,0
2020-07-20 00:00,2297.0000,2297.0000,2297.0000,2297.0000,0
2020-07-21 00:00,2297.0000,2297.0000,2297.0000,2297.0000,0
2020-07-22 00:00,2297.0000,2297.0000,2297.0000,2297.0000,0
2020-07-23 00:00,2297.0000,2297.0000,2297.0000,2297.0000,0
2020-07-24 00:00,2297.0000,2297.0000,2297.0000,2297.0000,0
2020-07-27 00:00,2297.0000,2297.0000,2297.0000,2297.0000,0
2020-07-28 00:00,2297.0000,2297.0000,2297.0000,2297.0000,0
2020-07-29 00:00,2297.0000,2297.0000,2297.0000,2297.0000,0
2020-07-30 00:00,2297.0000,2297.0000,2297.0000,2297.0000,0
2020-07-31 00:00,2297.0000,2297.0000,2297.0000,2297.0000,0
2020-08-03 00:00,2297.0000,2297.0000,2297.0000,2297.0000,0
2020-08-04 00:00,2297.0000,2297.0000,2297.0000,2297.0000,0
2020-08-05 00:00,2297.0000,2297.0000,2297.0000,2297.0000,0
2020-08-06 00:00,2297.0000,2297.0000,2297.0000,2297.0000,0
2020-08-07 00:00,2297.0000,2297.0000,2297.0000,2297.0000,0
2020-08-10 00:00,2297.0000,2297.0000,2297.0000,2297.0000,0
2020-08-11 00:00,2297.0000,2297.0000,2297.0000,2297.0000,0
2020-08-12 00:00,2297.0000,2297.0000,2297.0000,2297.0000,0
2020-08-13 00:00,2297.0000,2297.0000,2297.0000,2297.0000,0
2020-08-14 00:00,2297.0000,2297.0000,2297.0000,2297.0000,0
2020-08-17 00:00,2297.0000,2297.0000,2297.0000,2297.0000,0
2020-08-18 00:00,2297.0000,2297.0000,2297.0000,2297.0000,0
2020-08-19 00:00,2297.0000,2297.0000,2297.0000,2297.0000,0
2020-08-20 00:00,2297.0000,2297.0000,2297.0000,2297.0000,0
2020-08-21 00:00,2297.0000,2297.0000,2297.0000,2297.0000,0
2020-08-24 00:00,2297.0000,2297.0000,2297.0000,2297.0000,0
2020-08-25 00:00,2297.0000,2297.0000,2297.0000,2297.0000,0
2020-08-26 00:00,2297.0000,2297.0000,2297.0000,2297.0000,0
2020-08-27 00:00,2297.0000,2297.0000,2297.0000,2297.0000,0
2020-08-28 00:00,2297.0000,2297.0000,2297.0000,2297.0000,0
2020-08-31 00:00,2297.0000,2297.0000,2297.0000,2297.0000,0
2020-09-01 00:00,2297.0000,2297.0000,2297.0000,2297.0000,0
2020-09-02 00:00,2297.0000,2297.0000,2297.0000,2297.0000,0
2020-09-03 00:00,2297.0000,2297.0000,2297.0000,2297.0000,0
2020-09-04 00:00,2297.0000,2297.0000,2297.0000,2297.0000,0
2020-09-08 00:00,2297.0000,2297.0000,2297.0000,2297.0000,0
2020-09-09 00:00,2297.0000,2297.0000,2297.0000,2297.0000,0
2020-09-10 00:00,2297.0000,2297.0000,2297.0000,2297.0000,0
2020-09-11 00:00,2297.0000,2297.0000,2297.0000,2297.0000,0
2020-09-14 00:00,2297.0000,2297.0000,2297.0000,2297.0000,0
2020-09-15 00:00,2297.0000,2297.0000,2297.0000,2297.0000,0
2020-09-16 00:00,2297.0000,2297.0000,2297.0000,2297.0000,0
2020-09-17 00:00,2297.0000,2297.0000,2297.0000,2297.0000,0
2020-09-18 00:00,2297.0000,2297.0000,2297.0000,2297.0000,0
2020-09-21 00:00,2297.0000,2297.0000,2297.0000,2297.0000,0
2020-09-22 00:00,2297.0000,2297.0000,2297.0000,2297.0000,0
2020-09-23 00:00,2297.0000,2297.0000,2297.0000,2297.0000,0
2020-09-24 00:00,2297.0000,2297.0000,2297.0000,2297.0000,0
2020-09-25 00:00,2297.0000,2297.0000,2297.0000,2297.0000,0
2020-09-28 00:00,2297.0000,2297.0000,2297.0000,2297.0000,0
2020-09-29 00:00,2297.0000,2297.0000,2297.0000,2297.0000,0
2020-09-30 00:00,2297.0000,2297.0000,2297.0000,2297.0000,0
2020-10-01 00:00,2297.0000,2297.0000,2297.0000,2297.0000,0
2020-10-02 00:00,2297.0000,2297.0000,2297.0000,2297.0000,0
2020-10-05 00:00,2297.0000,2297.0000,2297.0000,2297.0000,0
2020-10-06 00:00,2297.0000,2297.0000,2297.0000,2297.0000,0
2020-10-07 00:00,2297.0000,2297.0000,2297.0000,2297.0000,0
2020-10-08 00:00,2297.0000,2297.0000,2297.0000,2297.0000,0
2020-10-09 00:00,2297.0000,2297.0000,2297.0000,2297.0000,0
2020-10-12 00:00,2297.0000,2297.0000,2297.0000,2297.0000,0
2020-10-13 00:00,2297.0000,2297.0000,2297.0000,2297.0000,0
2020-10-14 00:00,2297.0000,2297.0000,2297.0000,2297.0000,0
2020-10-15 00:00,2297.0000,2297.0000,2297.0000,2297.0000,0
2020-10-16 00:00,2297.0000,2297.0000,2297.0000,2297.0000,0
2020-10-19 00:00,2297.0000,2297.0000,2297.0000,2297.0000,0
2020-10-20 00:00,2297.0000,2297.0000,2297.0000,2297.0000,0
2020-10-21 00:00,2297.0000,2297.0000,2297.0000,2297.0000,0
2020-10-22 00:00,2297.0000,2297.0000,2297.0000,2297.0000,0
2020-10-23 00:00,2297.0000,2297.0000,2297.0000,2297.0000,0
2020-10-26 00:00,2297.0000,2297.0000,2297.0000,2297.0000,0
2020-10-27 00:00,2297.0000,2297.0000,2297.0000,2297.0000,0
2020-10-28 00:00,2297.0000,2297.0000,2297.0000,2297.0000,0
2020-10-29 00:00,2297.0000,2297.0000,2297.0000,2297.0000,0
2020-10-30 00:00,2297.0000,2297.0000,2297.0000,2297.0000,0
2020-11-02 00:00,2297.0000,2297.0000,2297.0000,2297.0000,0
2020-11-03 00:00,2297.0000,2297.0000,2297.0000,2297.0000,0
2020-11-04 00:00,2297.0000,2297.0000,2297.0000,2297.0000,0
2020-11-05 00:00,2297.0000,2297.0000,2297.0000,2297.0000,0
2020-11-06 00:00,2297.0000,2297.0000,2297.0000,2297.0000,0
2020-11-09 00:00,2297.0000,2297.0000,2297.0000,2297.0000,0
2020-11-10 00:00,2297.0000,2297.0000,2297.0000,2297.0000,0
2020-11-11 00:00,2297.0000,2297.0000,2297.0000,2297.0000,0
2020-11-12 00:00,2297.0000,2297.0000,2297.0000,2297.0000,0
2020-11-13 00:00,2297.0000,2297.0000,2297.0000,2297.0000,0
2020-11-16 00:00,2297.0000,2297.0000,2297.0000,2297.0000,0
2020-11-17 00:00,2297.0000,2297.0000,2297.0000,2297.0000,0
2020-11-18 00:00,2297.0000,2297.0000,2297.0000,2297.0000,0
2020-11-19 00:00,2297.0000,2297.0000,2297.0000,2297.0000,0
2020-11-20 00:00,2297.0000,2297.0000,2297.0000,2297.0000,0
2020-11-23 00:00,2297.0000,2297.0000,2297.0000,2297.0000,0
2020-11-24 00:00,2297.0000,2297.0000,2297.0000,2297.0000,0
2020-11-25 00:00,2297.0000,2297.0000,2297.0000,2297.0000,0
2020-11-27 00:00,2297.0000,2297.0000,2297.0000,2297.0000,0
2020-11-30 00:00,2297.0000,2297.0000,2297.0000,2297.0000,0
2020-12-01 00:00,2297.0000,2297.0000,2297.0000,2297.0000,0
2020-12-02 00:00,2297.0000,2297.0000,2297.0000,2297.0000,0
2020-12-03 00:00,2297.0000,2297.0000,2297.0000,2297.0000,0
2020-12-04 00:00,2297.0000,2297.0000,2297.0000,2297.0000,0
2020-12-07 00:00,2297.0000,2297.0000,2297.0000,2297.0000,0
2020-12-08 00:00,2297.0000,2297.0000,2297.0000,2297.0000,0
2020-12-09 00:00,2297.0000,2297.0000,2297.0000,2297.0000,0
2020-12-10 00:00,2297.0000,2297.0000,2297.0000,2297.0000,0
2020-12-11 00:00,2297.0000,2297.0000,2297.0000,2297.0000,0
2020-12-14 00:00,2297.0000,2297.0000,2297.0000,2297.0000,0
2020-12-15 00:00,2297.0000,2297.0000,2297.0000,2297.0000,0
2020-12-16 00:00,2297.0000,2297.0000,2297.0000,2297.0000,0
2020-12-17 00:00,2297.0000,2297.0000,2297.0000,2297.0000,0
2020-12-18 00:00,2297.0000,2297.0000,2297.0000,2297.0000,0
2020-12-21 00:00,2297.0000,2297.0000,2297.0000,2297.0000,0
2020-12-22 00:00,2297.0000,2297.0000,2297.0000,2297.0000,0
2020-12-23 00:00,2297.0000,2297.0000,2297.0000,2297.0000,0
2020-12-24 00:00,2297.0000,2297.0000,2297.0000,2297.0000,0
2020-12-28 00:00,2297.0000,2297.0000,2297.0000,2297.0000,0
2020-12-29 00:00,2297.0000,2297.0000,2297.0000,2297.0000,0
2020-12-30 00:00,2297.0000,2297.0000,2297.0000,2297.0000,0
2020-12-31 00:00,2297.0000,2297.0000,2297.0000,2297.0000,0
2021-01-04 00:00,2297.0000,2297.0000,2297.0000,2297.0000,0
2021-01-05 00:00,2297.0000,2297.0000,2297.0000,2297.0000,0
2021-01-06 00:00,2297.0000,2297.0000,2297.0000,2297.0000,0
2021-01-07 00:00,2297.0000,2297.0000,2297.0000,2297.0000,0
2021-01-08 00:00,2297.0000,2297.0000,2297.0000,2297.0000,0
2021-01-11 00:00,2297.0000,2297.0000,2297.0000,2297.0000,0
2021-01-12 00:00,2297.0000,2297.0000,2297.0000,2297.0000,0
2021-01-13 00:00,2297.0000,2297.0000,2297.0000,2297.0000,0
2021-01-14 00:00,2297.0000,2297.0000,2297.0000,2297.0000,0
2021-01-15 00:00,2297.0000,2297.0000,2297.0000,2297.0000,0
2021-01-19 00:00,2297.0000,2297.0000,2297.0000,2297.0000,0
2021-01-20 00:00,2297.0000,2297.0000,2297.0000,2297.0000,0
2021-01-21 00:00,2297.0000,2297.0000,2297.0000,2297.0000,0
2021-01-22 00:00,2297.0000,2297.0000,2297.0000,2297.0000,0
2021-01-25 00:00,2297.0000,2297.0000,2297.0000,2297.0000,0
2021-01-26 00:00,2297.0000,2297.0000,2297.0000,2297.0000,0
2021-01-27 00:00,2297.0000,2297.0000,2297.0000,2297.0000,0
2021-01-28 00:00,2297.0000,2297.0000,2297.0000,2297.0000,0
2021-01-29 00:00,2297.0000,2297.0000,2297.0000,2297.0000,0
2021-02-01 00:00,2297.0000,2297.0000,2297.0000,2297.0000,0
2021-02-02 00:00,2297.0000,2297.0000,2297.0000,2297.0000,0
2021-02-03 00:00,2297.0000,2297.0000,2297.0000,2297.0000,0
2021-02-04 00:00,2297.0000,2297.0000,2297.0000,2297.0000,0
2021-02-05 00:00,2297.0000,2297.0000,2297.0000,2297.0000,0
2021-02-08 00:00,2297.0000,2297.0000,2297.0000,2297.0000,0
2021-02-09 00:00,2297.0000,2297.0000,2297.0000,2297.0000,0
2021-02-10 00:00,2297.0000,2297.0000,2297.0000,2297.0000,0
2021-02-11 00:00,2297.0000,2297.0000,2297.0000,2297.0000,0
2021-02-12 00:00,2297.0000,2297.0000,2297.0000,2297.0000,0
2021-02-16 00:00,2297.0000,2297.0000,2297.0000,2297.0000,0
2021-02-17 00:00,2297.0000,2297.0000,2297.0000,2297.0000,0
2021-02-18 00:00,2297.0000,2297.0000,2297.0000,2297.0000,0
2021-02-19 00:00,2297.0000,2297.0000,2297.0000,2297.0000,0
2021-02-22 00:00,2297.0000,2297.0000,2297.0000,2297.0000,0
2021-02-23 00:00,2297.0000,2297.0000,2297.0000,2297.0000,0
2021-02-24 00:00,2297.0000,2297.0000,2297.0000,2297.0000,0
2021-02-25 00:00,2297.0000,2297.0000,2297.0000,2297.0000,0
2021-02-26 00:00,2297.0000,2297.0000,2297.0000,2297.0000,0
2021-03-01 00:00,2297.0000,2297.0000,2297.0000,2297.0000,0
2021-03-02 00:00,2297.0000,2297.0000,2297.0000,2297.0000,0
2021-03-03 00:00,2297.0000,2297.0000,2297.0000,2297.0000,0
2021-03-04 00:00,2297.0000,2297.0000,2297.0000,2297.0000,0
2021-03-05 00:00,2297.0000,2297.0000,2297.0000,2297.0000,0
2021-03-08 00:00,2297.0000,2297.0000,2297.0000,2297.0000,0
2021-03-09 00:00,2297.0000,2297.0000,2297.0000,2297.0000,0
2021-03-10 00:00,2297.0000,2297.0000,2297.0000,2297.0000,0
2021-03-11 00:00,2297.0000,2297.0000,2297.0000,2297.0000,0
2021-03-12 00:00,2297.0000,2297.0000,2297.0000,2297.0000,0
2021-03-15 00:00,2297.0000,2297.0000,2297.0000,2297.0000,0
2021-03-16 00:00,2297.0000,2297.0000,2297.0000,2297.0000,0
2021-03-17 00:00,2297.0000,2297.0000,2297.0000,2297.0000,0
2021-03-18 00:00,2297.0000,2297.0000,2297.0000,2297.0000,0
2021-03-19 00:00,2297.0000,2297.0000,2297.0000,2297.0000,0
2021-03-22 00:00,2297.0000,2297.0000,2297.0000,2297.0000,0
2021-03-23 00:00,2297.0000,2297.0000,2297.0000,2297.0000,0
2021-03-24 00:00,2297.0000,2297.0000,2297.0000,2297.0000,0
2021-03-25 00:00,2297.0000,2297.0000,2297.0000,2297.0000,0
2021-03-26 00:00,2297.0000,2297.0000,2297.0000,2297.0000,0
2021-03-29 00:00,2297.0000,2297.0000,2297.0000,2297.0000,0
2021-03-30 00:00,2297.0000,2297.0000,2297.0000,2297.0000,0
2021-03-31 00:00,2297.0000,2297.0000,2297.0000,2297.0000,0
2021-04-01 00:00,2297.0000,2297.0000,2297.0000,2297.0000,0
2021-04-05 00:00,2297.0000,2297.0000,2297.0000,2297.0000,0
2021-04-06 00:00,2297.0000,2297.0000,2297.0000,2297.0000,0
2021-04-07 00:00,2297.0000,2297.0000,2297.0000,2297.0000,0
2021-04-08 00:00,2297.0000,2297.0000,2297.0000,2297.0000,0
2021-04-09 00:00,2297.0000,2297.0000,2297.0000,2297.0000,0
2021-04-12 00:00,2297.0000,2297.0000,2297.0000,2297.0000,0
2021-04-13 00:00,2297.0000,2297.0000,2297.0000,2297.0000,0
2021-04-14 00:00,2297.0000,2297.0000,2297.0000,2297.0000,0
2021-04-15 00:00,2297.0000,2297.0000,2297.0000,2297.0000,0
2021-04-16 00:00,2297.0000,2297.0000,2297.0000,2297.0000,0
2021-04-19 00:00,2297.0000,2297.0000,2297.0000,2297.0000,0
2021-04-20 00:00,2297.0000,2297.0000,2297.0000,2297.0000,0
2021-04-21 00:00,2297.0000,2297.0000,2297.0000,2297.0000,0
2021-04-22 00:00,2297.0000,2297.0000,2297.0000,2297.0000,0
2021-04-23 00:00,2297.0000,2297.0000,2297.0000,2297.0000,0
2021-04-26 00:00,2297.0000,2297.0000,2297.0000,2297.0000,0
2021-04-27 00:00,2297.0000,2297.0000,2297.0000,2297.0000,0
2021-04-28 00:00,2297.0000,2297.0000,2297.0000,2297.0000,0
2021-04-29 00:00,2297.0000,2297.0000,2297.0000,2297.0000,0
2021-04-30 00:00,2297.0000,2297.0000,2297.0000,2297.0000,0
2021-05-03 00:00,2297.0000,2297.0000,2297.0000,2297.0000,0
2021-05-04 00:00,2297.0000,2297.0000,2297.0000,2297.0000,0
2021-05-05 00:00,2297.0000,2297.0000,2297.0000,2297.0000,0
2021-05-06 00:00,2297.0000,2297.0000,2297.0000,2297.0000,0
2021-05-07 00:00,2297.0000,2297.0000,2297.0000,2297.0000,0
2021-05-10 00:00,2297.0000,2297.0000,2297.0000,2297.0000,0
2021-05-11 00:00,2297.0000,2297.0000,2297.0000,2297.0000,0
2021-05-12 00:00,2297.0000,2297.0000,2297.0000,2297.0000,0
2021-05-13 00:00,2297.0000,2297.0000,2297.0000,2297.0000,0
2021-05-14 00:00,2297.0000,2297.0000,2297.0000,2297.0000,0
2021-05-17 00:00,2297.0000,2297.0000,2297.0000,2297.0000,0
2021-05-18 00:00,2297.0000,2297.0000,2297.0000,2297.0000,0
2021-05-19 00:00,2297.0000,2297.0000,2297.0000,2297.0000,0
2021-05-20 00:00,2297.0000,2297.0000,2297.0000,2297.0000,0
2021-05-21 00:00,2297.0000,2297.0000,2297.0000,2297.0000,0
2021-05-24 00:00,2297.0000,2297.0000,2297.0000,2297.0000,0
2021-05-25 00:00,2297.0000,2297.0000,2297.0000,2297.0000,0
2021-05-26 00:00,2297.0000,2297.0000,2297.0000,2297.0000,0
2021-05-27 00:00,2297.0000,2297.0000,2297.0000,2297.0000,0
2021-05-28 00:00,2297.0000,2297.0000,2297.0000,2297.0000,0
2021-06-01 00:00,2297.0000,2297.0000,2297.0000,2297.0000,0
2021-06-02 00:00,2297.0000,2297.0000,2297.0000,2297.0000,0
2021-06-03 00:00,2297.0000,2297.0000,2297.0000,2297.0000,0
2021-06-04 00:00,2297.0000,2297.0000,2297.0000,2297.0000,0
2021-06-07 00:00,2297.0000,2297.0000,2297.0000,2297.0000,0
2021-06-08 00:00,2297.0000,2297.0000,2297.0000,2297.0000,0
2021-06-09 00:00,2297.0000,2297.0000,2297.0000,2297.0000,0
2021-06-10 00:00,2297.0000,2297.0000,2297.0000,2297.0000,0
2021-06-11 00:00,2297.0000,2297.0000,2297.0000,2297.0000,0
2021-06-14 00:00,2297.0000,2297.0000,2297.0000,2297.0000,0
2021-06-15 00:00,2297.0000,2297.0000,2297.0000,2297.0000,0
2021-06-16 00:00,2297.0000,2297.0000,2297.0000,2297.0000,0
2021-06-17 00:00,2297.0000,2297.0000,2297.0000,2297.0000,0
2021-06-18 00:00,2297.0000,2297.0000,2297.0000,2297.0000,0
2021-06-21 00:00,2297.0000,2297.0000,2297.0000,2297.0000,0
2021-06-22 00:00,2297.0000,2297.0000,2297.0000,2297.0000,0
2021-06-23 00:00,2297.0000,2297.0000,2297.0000,2297.0000,0
2021-06-24 00:00,2297.0000,2297.0000,2297.0000,2297.0000,0
2021-06-25 00:00,2297.0000,2297.0000,2297.0000,2297.0000,0
2021-06-28 00:00,2297.0000,2297.0000,2297.0000,2297.0000,0
2021-06-29 00:00,2297.0000,2297.0000,2297.0000,2297.0000,0
2021-06-30 00:00,2297.0000,2297.0000,2297.0000,2297.0000,0
2021-07-01 00:00,2297.0000,2297.0000,2297.0000,2297.0000,0
2021-07-02 00:00,2297.0000,2297.0000,2297.0000,2297.0000,0
2021-07-06 00:00,2297.0000,2297.0000,2297.0000,2297.0000,0
2021-07-07 00:00,2297.0000,2297.0000,2297.0000,2297.0000,0
2021-07-08 00:00,2297.0000,2297.0000,2297.0000,2297.0000,0
2021-07-09 00:00,2297.0000,2297.0000,2297.0000,2297.0000,0
2021-07-12 00:00,2297.0000,2297.0000,2297.0000,2297.0000,0
2021-07-13 00:00,2297.0000,2297.0000,2297.0000,2297.0000,0
2021-07-14 00:00,2297.0000,2297.0000,2297.0000,2297.0000,0
2021-07-15 00:00,2297.0000,2297.0000,2297.0000,2297.0000,0
2021-07-16 00:00,2297.0000,2297.0000,2297.0000,2297.0000,0
2021-07-19 00:00,2297.0000,2297.0000,2297.0000,2297.0000,0
2021-07-20 00:00,2297.0000,2297.0000,2297.0000,2297.0000,0
2021-07-21 00:00,2297.0000,2297.0000,2297.0000,2297.0000,0
2021-07-22 00:00,2297.0000,2297.0000,2297.0000,2297.0000,0
2021-07-23 00:00,2297.0000,2297.0000,2297.0000,2297.0000,0
2021-07-26 00:00,2297.0000,2297.0000,2297.0000,2297.0000,0
2021-07-27 00:00,2297.0000,2297.0000,2297.0000,2297.0000,0
2021-07-28 00:00,2297.0000,2297.0000,2297.0000,2297.0000,0
2021-07-29 00:00,2297.0000,2297.0000,2297.0000,2297.0000,0
2021-07-30 00:00,2297.0000,2297.0000,2297.0000,2297.0000,0
2021-08-02 00:00,2297.0000,2297.0000,2297.0000,2297.0000,0
2021-08-03 00:00,2297.0000,2297.0000,2297.0000,2297.0000,0
2021-08-04 00:00,2297.0000,2297.0000,2297.0000,2297.0000,0
2021-08-05 00:00,2297.0000,2297.0000,2297.0000,2297.0000,0
2021-08-06 00:00,2297.0000,2297.0000,2297.0000,2297.0000,0
2021-08-09 00:00,2297.0000,2297.0000,2297.0000,2297.0000,0
2021-08-10 00:00,2297.0000,2297.0000,2297.0000,2297.0000,0
2021-08-11 00:00,2297.0000,2297.0000,2297.0000,2297.0000,0
2021-08-12 00:00,2297.0000,2297.0000,2297.0000,2297.0000,0
2021-08-13 00:00,2297.0000,2297.0000,2297.0000,2297.0000,0
2021-08-16 00:00,2297.0000,2297.0000,2297.0000,2297.0000,0
2021-08-17 00:00,2297.0000,2297.0000,2297.0000,2297.0000,0
2021-08-18 00:00,2297.0000,2297.0000,2297.0000,2297.0000,0
2021-08-19 00:00,2297.0000,2297.0000,2297.0000,2297.0000,0
2021-08-20 00:00,2297.0000,2297.0000,2297.0000,2297.0000,0
2021-08-23 00:00,2297.0000,2297.0000,2297.0000,2297.0000,0
2021-08-24 00:00,2297.0000,2297.0000,2297.0000,2297.0000,0
2021-08-25 00:00,2297.0000,2297.0000,2297.0000,2297.0000,0
2021-08-26 00:00,2297.0000,2297.0000,2297.0000,2297.0000,0
2021-08-27 00:00,2297.0000,2297.0000,2297.0000,2297.0000,0
2021-08-30 00:00,2297.0000,2297.0000,2297.0000,2297.0000,0
2021-08-31 00:00,2297.0000,2297.0000,2297.0000,2297.0000,0
2021-09-01 00:00,2297.0000,2297.0000,2297.0000,2297.0000,0
2021-09-02 00:00,2297.0000,2297.0000,2297.0000,2297.0000,0
2021-09-03 00:00,2297.0000,2297.0000,2297.0000,2297.0000,0
2021-09-07 00:00,2297.0000,2297.0000,2297.0000,2297.0000,0
2021-09-08 00:00,2297.0000,2297.0000,2297.0000,2297.0000,0
2021-09-09 00:00,2297.0000,2297.0000,2297.0000,2297.0000,0
2021-09-10 00:00,2297.0000,2297.0000,2297.0000,2297.0000,0
2021-09-13 00:00,2297.0000,2297.0000,2297.0000,2297.0000,0
2021-09-14 00:00,2297.0000,2297.0000,2297.0000,2297.0000,0
2021-09-15 00:00,2297.0000,2297.0000,2297.0000,2297.0000,0
2021-09-16 00:00,2297.0000,2297.0000,2297.0000,2297.0000,0
2021-09-17 00:00,2297.0000,2297.0000,2297.0000,2297.0000,0
2021-09-20 00:00,2297.0000,2297.0000,2297.0000,2297.0000,0
2021-09-21 00:00,2297.0000,2297.0000,2297.0000,2297.0000,0
2021-09-22 00:00,2297.0000,2297.0000,2297.0000,2297.0000,0
2021-09-23 00:00,2297.0000,2297.0000,2297.0000,2297.0000,0
2021-09-24 00:00,2297.0000,2297.0000,2297.0000,2297.0000,0
2021-09-27 00:00,2297.0000,2297.0000,2297.0000,2297.0000,0
2021-09-28 00:00,2297.0000,2297.0000,2297.0000,2297.0000,0
2021-09-29 00:00,2297.0000,2297.0000,2297.0000,2297.0000,0
2021-09-30 00:00,2297.0000,2297.0000,2297.0000,2297.0000,0
2021-10-01 00:00,2297.0000,2297.0000,2297.0000,2297.0000,0
2021-10-04 00:00,2297.0000,2297.0000,2297.0000,2297.0000,0
2021-10-05 00:00,2297.0000,2297.0000,2297.0000,2297.0000,0
2021-10-06 00:00,2297.0000,2297.0000,2297.0000,2297.0000,0
2021-10-07 00:00,2297.0000,2297.0000,2297.0000,2297.0000,0
2021-10-08 00:00,2297.0000,2297.0000,2297.0000,2297.0000,0
2021-10-11 00:00,2297.0000,2297.0000,2297.0000,2297.0000,0
2021-10-12 00:00,2297.0000,2297.0000,2297.0000,2297.0000,0
2021-10-13 00:00,2297.0000,2297.0000,2297.0000,2297.0000,0
2021-10-14 00:00,2297.0000,2297.0000,2297.0000,2297.0000,0
2021-10-15 00:00,2297.0000,2297.0000,2297.0000,2297.0000,0
2021-10-18 00:00,2297.0000,2297.0000,2297.0000,2297.0000,0
2021-10-19 00:00,2297.0000,2297.0000,2297.0000,2297.0000,0
2021-10-20 00:00,2297.0000,2297.0000,2297.0000,2297.0000,0
2021-10-21 00:00,2297.0000,2297.0000,2297.0000,2297.0000,0
2021-10-22 00:00,2297.0000,2297.0000,2297.0000,2297.0000,0
2021-10-25 00:00,2297.0000,2297.0000,2297.0000,2297.0000,0
2021-10-26 00:00,2297.0000,2297.0000,2297.0000,2297.0000,0
2021-10-27 00:00,2297.0000,2297.0000,2297.0000,2297.0000,0
2021-10-28 00:00,2297.0000,2297.0000,2297.0000,2297.0000,0
2021-10-29 00:00,2297.0000,2297.0000,2297.0000,2297.0000,0
2021-11-01 00:00,2297.0000,2297.0000,2297.0000,2297.0000,0
2021-11-02 00:00,2297.0000,2297.0000,2297.0000,2297.0000,0
2021-11-03 00:00,2297.0000,2297.0000,2297.0000,2297.0000,0
2021-11-04 00:00,2297.0000,2297.0000,2297.0000,2297.0000,0
2021-11-05 00:00,2297.0000,2297.0000,2297.0000,2297.0000,0
2021-11-08 00:00,2297.0000,2297.0000,2297.0000,2297.0000,0
2021-11-09 00:00,2297.0000,2297.0000,2297.0000,2297.0000,0
2021-11-10 00:00,2297.0000,2297.0000,2297.0000,2297.0000,0
2021-11-11 00:00,2297.0000,2297.0000,2297.0000,2297.0000,0
2021-11-12 00:00,2297.0000,2297.0000,2297.0000,2297.0000,0
2021-11-15 00:00,2297.0000,2297.0000,2297.0000,2297.0000,0
2021-11-16 00:00,2297.0000,2297.0000,2297.0000,2297.0000,0
2021-11-17 00:00,2297.0000,2297.0000,2297.0000,2297.0000,0
2021-11-18 00:00,2297.0000,2297.0000,2297.0000,2297.0000,0
2021-11-19 00:00,2297.0000,2297.0000,2297.0000,2297.0000,0
2021-11-22 00:00,2297.0000,2297.0000,2297.0000,2297.0000,0
2021-11-23 00:00,2297.0000,2297.0000,2297.0000,2297.0000,0
2021-11-24 00:00,2297.0000,2297.0000,2297.0000,2297.0000,0
2021-11-26 00:00,2297.0000,2297.0000,2297.0000,2297.0000,0
2021-11-29 00:00,2297.0000,2297.0000,2297.0000,2297.0000,0
2021-11-30 00:00,2297.0000,2297.0000,2297.0000,2297.0000,0
2021-12-01 00:00,2297.0000,2297.0000,2297.0000,2297.0000,0
2021-12-02 00:00,2297.0000,2297.0000,2297.0000,2297.0000,0
2021-12-03 00:00,2297.0000,2297.0000,2297.0000,2297.0000,0
2021-12-06 00:00,2297.0000,2297.0000,2297.0000,2297.0000,0
2021-12-07 00:00,2297.0000,2297.0000,2297.0000,2297.0000,0
2021-12-08 00:00,2297.0000,2297.0000,2297.0000,2297.0000,0
2021-12-09 00:00,2297.0000,2297.0000,2297.0000,2297.0000,0
2021-12-10 00:00,2297.0000,2297.0000,2297.0000,2297.0000,0
2021-12-13 00:00,2297.0000,2297.0000,2297.0000,2297.0000,0
2021-12-14 00:00,2297.0000,2297.0000,2297.0000,2297.0000,0
2021-12-15 00:00,2297.0000,2297.0000,2297.0000,2297.0000,0
2021-12-16 00:00,2297.0000,2297.0000,2297.0000,2297.0000,0
2021-12-17 00:00,2297.0000,2297.0000,2297.0000,2297.0000,0
2021-12-20 00:00,2297.0000,2297.0000,2297.0000,2297.0000,0
2021-12-21 00:00,2297.0000,2297.0000,2297.0000,2297.0000,0
2021-12-22 00:00,2297.0000,2297.0000,2297.0000,2297.0000,0
2021-12-23 00:00,2297.0000,2297.0000,2297.0000,2297.0000,0
2021-12-27 00:00,2297.0000,2297.0000,2297.0000,2297.0000,0
2021-12-28 00:00,2297.0000,2297.0000,2297.0000,2297.0000,0
2021-12-29 00:00,2297.0000,2297.0000,2297.0000,2297.0000,0
2021-12-30 00:00,2297.0000,2297.0000,2297.0000,2297.0000,0
2021-12-31 00:00,2297.0000,2297.0000,2297.0000,2297.0000,0
2022-01-03 00:00,2297.0000,2297.0000,2297.0000,2297.0000,0
2022-01-04 00:00,2297.0000,2297.0000,2297.0000,2297.0000,0
2022-01-05 00:00,2297.0000,2297.0000,2297.0000,2297.0000,0
2022-01-06 00:00,2297.0000,2297.0000,2297.0000,2297.0000,0
2022-01-07 00:00,2297.0000,2297.0000,2297.0000,2297.0000,0
2022-01-10 00:00,2297.0000,2297.0000,2297.0000,2297.0000,0
2022-01-11 00:00,2297.0000,2297.0000,2297.0000,2297.0000,0
2022-01-12 00:00,2297.0000,2297.0000,2297.0000,2297.0000,0
2022-01-13 00:00,2297.0000,2297.0000,2297.0000,2297.0000,0
2022-01-14 00:00,2297.0000,2297.0000,2297.0000,2297.0000,0
2022-01-18 00:00,2297.0000,2297.0000,2297.0000,2297.0000,0
2022-01-19 00:00,2297.0000,2297.0000,2297.0000,2297.0000,0
2022-01-20 00:00,2297.0000,2297.0000,2297.0000,2297.0000,0
2022-01-21 00:00,2297.0000,2297.0000,2297.0000,2297.0000,0
2022-01-24 00:00,2297.0000,2297.0000,2297.0000,2297.0000,0
2022-01-25 00:00,2297.0000,2297.0000,2297.0000,2297.0000,0
2022-01-26 00:00,2297.0000,2297.0000,2297.0000,2297.0000,0
2022-01-27 00:00,2297.0000,2297.0000,2297.0000,2297.0000,0
2022-01-28 00:00,2297.0000,2297.0000,2297.0000,2297.0000,0
2022-01-31 00:00,2297.0000,2297.0000,2297.0000,2297.0000,0
2022-02-01 00:00,2297.0000,2297.0000,2297.0000,2297.0000,0
2022-02-02 00:00,2297.0000,2297.0000,2297.0000,2297.0000,0
2022-02-03 00:00,2297.0000,2297.0000,2297.0000,2297.0000,0
2022-02-04 00:00,2297.0000,2297.0000,2297.0000,2297.0000,0
2022-02-07 00:00,2297.0000,2297.0000,2297.0000,2297.0000,0
2022-02-08 00:00,2297.0000,2297.0000,2297.0000,2297.0000,0
2022-02-09 00:00,2297.0000,2297.0000,2297.0000,2297.0000,0
2022-02-10 00:00,2297.0000,2297.0000,2297.0000,2297.0000,0
2022-02-11 00:00,2297.0000,2297.0000,2297.0000,2297.0000,0
2022-02-14 00:00,2297.0000,2297.0000,2297.0000,2297.0000,0
2022-02-15 00:00,2297.0000,2297.0000,2297.0000,2297.0000,0
2022-02-16 00:00,2297.0000,2297.0000,2297.0000,2297.0000,0
2022-02-17 00:00,2297.0000,2297.0000,2297.0000,2297.0000,0
2022-02-18 00:00,2297.0000,2297.0000,2297.0000,2297.0000,0
2022-02-22 00:00,2297.0000,2297.0000,2297.0000,2297.0000,0
2022-02-23 00:00,2297.0000,2297.0000,2297.0000,2297.0000,0
2022-02-24 00:00,2297.0000,2297.0000,2297.0000,2297.0000,0
2022-02-25 00:00,2297.0000,2297.0000,2297.0000,2297.0000,0
2022-02-28 00:00,2297.0000,2297.0000,2297.0000,2297.0000,0
2022-03-01 00:00,2297.0000,2297.0000,2297.0000,2297.0000,0
2022-03-02 00:00,2297.0000,2297.0000,2297.0000,2297.0000,0
2022-03-03 00:00,2297.0000,2297.0000,2297.0000,2297.0000,0
2022-03-04 00:00,2297.0000,2297.0000,2297.0000,2297.0000,0
2022-03-07 00:00,2297.0000,2297.0000,2297.0000,2297.0000,0
2022-03-08 00:00,2297.0000,2297.0000,2297.0000,2297.0000,0
2022-03-09 00:00,2297.0000,2297.0000,2297.0000,2297.0000,0
2022-03-10 00:00,2297.0000,2297.0000,2297.0000,2297.0000,0
2022-03-11 00:00,2297.0000,2297.0000,2297.0000,2297.0000,0
2022-03-14 00:00,2297.0000,2297.0000,2297.0000,2297.0000,0
2022-03-15 00:00,2297.0000,2297.0000,2297.0000,2297.0000,0
2022-03-16 00:00,2297.0000,2297.0000,2297.0000,2297.0000,0
2022-03-17 00:00,2297.0000,2297.0000,2297.0000,2297.0000,0
2022-03-18 00:00,2297.0000,2297.0000,2297.0000,2297.0000,0
2022-03-21 00:00,2297.0000,2297.0000,2297.0000,2297.0000,0
2022-03-22 00:00,2297.0000,2297.0000,2297.0000,2297.0000,0
2022-03-23 00:00,2297.0000,2297.0000,2297.0000,2297.0000,0
2022-03-24 00:00,2297.0000,2297.0000,2297.0000,2297.0000,0
2022-03-25 00:00,2297.0000,2297.0000,2297.0000,2297.0000,0
2022-03-28 00:00,2297.0000,2297.0000,2297.0000,2297.0000,0
2022-03-29 00:00,2297.0000,2297.0000,2297.0000,2297.0000,0
2022-03-30 00:00,2297.0000,2297.0000,2297.0000,2297.0000,0
2022-03-31 00:00,2297.0000,2297.0000,2297.0000,2297.0000,0
2022-04-01 00:00,2297.0000,2297.0000,2297.0000,2297.0000,0
2022-04-04 00:00,2297.0000,2297.0000,2297.0000,2297.0000,0
2022-04-05 00:00,2297.0000,2297.0000,2297.0000,2297.0000,0
2022-04-06 00:00,2297.0000,2297.0000,2297.0000,2297.0000,0
2022-04-07 00:00,2297.0000,2297.0000,2297.0000,2297.0000,0
2022-04-08 00:00,2297.0000,2297.0000,2297.0000,2297.0000,0
2022-04-11 00:00,2297.0000,2297.0000,2297.0000,2297.0000,0
2022-04-12 00:00,2297.0000,2297.0000,2297.0000,2297.0000,0
2022-04-13 00:00,2297.0000,2297.0000,2297.0000,2297.0000,0
2022-04-14 00:00,2297.0000,2297.0000,2297.0000,2297.0000,0
2022-04-18 00:00,2297.0000,2297.0000,2297.0000,2297.0000,0
2022-04-19 00:00,2297.0000,2297.0000,2297.0000,2297.0000,0
2022-04-20 00:00,2297.0000,2297.0000,2297.0000,2297.0000,0
2022-04-21 00:00,2297.0000,2297.0000,2297.0000,2297.0000,0
2022-04-22 00:00,2297.0000,2297.0000,2297.0000,2297.0000,0
2022-04-25 00:00,2297.0000,2297.0000,2297.0000,2297.0000,0
2022-04-26 00:00,2297.0000,2297.0000,2297.0000,2297.0000,0
2022-04-27 00:00,2297.0000,2297.0000,2297.0000,2297.0000,0
2022-04-28 00:00,2297.0000,2297.0000,2297.0000,2297.0000,0
2022-04-29 00:00,2297.0000,2297.0000,2297.0000,2297.0000,0
2022-05-02 00:00,2297.0000,2297.0000,2297.0000,2297.0000,0
2022-05-03 00:00,2297.0000,2297.0000,2297.0000,2297.0000,0
2022-05-04 00:00,2297.0000,2297.0000,2297.0000,2297.0000,0
2022-05-05 00:00,2297.0000,2297.0000,2297.0000,2297.0000,0
2022-05-06 00:00,2297.0000,2297.0000,2297.0000,2297.0000,0
2022-05-09 00:00,2297.0000,2297.0000,2297.0000,2297.0000,0
2022-05-10 00:00,2297.0000,2297.0000,2297.0000,2297.0000,0
2022-05-11 00:00,2297.0000,2297.0000,2297.0000,2297.0000,0
2022-05-12 00:00,2297.0000,2297.0000,2297.0000,2297.0000,0
2022-05-13 00:00,2297.0000,2297.0000,2297.0000,2297.0000,0
2022-05-16 00:00,2297.0000,2297.0000,2297.0000,2297.0000,0
2022-05-17 00:00,2297.0000,2297.0000,2297.0000,2297.0000,0
2022-05-18 00:00,2297.0000,2297.0000,2297.0000,2297.0000,0
2022-05-19 00:00,2297.0000,2297.0000,2297.0000,2297.0000,0
2022-05-20 00:00,2297.0000,2297.0000,2297.0000,2297.0000,0
2022-05-23 00:00,2297.0000,2297.0000,2297.0000,2297.0000,0
2022-05-24 00:00,2297.0000,2297.0000,2297.0000,2297.0000,0
2022-05-25 00:00,2297.0000,2297.0000,2297.0000,2297.0000,0
2022-05-26 00:00,2297.0000,2297.0000,2297.0000,2297.0000,0
2022-05-27 00:00,2297.0000,2297.0000,2297.0000,2297.0000,0
2022-05-31 00:00,2297.0000,2297.0000,2297.0000,2297.0000,0
2022-06-01 00:00,2297.0000,2297.0000,2297.0000,2297.0000,0
2022-06-02 00:00,2297.0000,2297.0000,2297.0000,2297.0000,0
2022-06-03 00:00,2297.0000,2297.0000,2297.0000,2297.0000,0
2022-06-06 00:00,2297.0000,2297.0000,2297.0000,2297.0000,0
2022-06-07 00:00,2297.0000,2297.0000,2297.0000,2297.0000,0
2022-06-08 00:00,2297.0000,2297.0000,2297.0000,2297.0000,0
2022-06-09 00:00,2297.0000,2297.0000,2297.0000,2297.0000,0
2022-06-10 00:00,2297.0000,2297.0000,2297.0000,2297.0000,0
2022-06-13 00:00,2297.0000,2297.0000,2297.0000,2297.0000,0
2022-06-14 00:00,2297.0000,2297.0000,2297.0000,2297.0000,0
2022-06-15 00:00,2297.0000,2297.0000,2297.0000,2297.0000,0
2022-06-16 00:00,2297.0000,2297.0000,2297.0000,2297.0000,0
2022-06-17 00:00,2297.0000,2297.0000,2297.0000,2297.0000,0
2022-06-21 00:00,2297.0000,2297.0000,2297.0000,2297.0000,0
2022-06-22 00:00,2297.0000,2297.0000,2297.0000,2297.0000,0
2022-06-23 00:00,2297.0000,2297.0000,2297.0000,2297.0000,0
2022-06-24 00:00,2297.0000,2297.0000,2297.0000,2297.0000,0
2022-06-27 00:00,2297.0000,2297.0000,2297.0000,2297.0000,0
2022-06-28 00:00,2297.0000,2297.0000,2297.0000,2297.0000,0
2022-06-29 00:00,2297.0000,2297.0000,2297.0000,2297.0000,0
2022-06-30 00:00,2297.0000,2297.0000,2297.0000,2297.0000,0
2022-07-01 00:00,2297.0000,2297.0000,2297.0000,2297.0000,0
2022-07-05 00:00,2297.0000,2297.0000,2297.0000,2297.0000,0
2022-07-06 00:00,2297.0000,2297.0000,2297.0000,2297.0000,0
2022-07-07 00:00,2297.0000,2297.0000,2297.0000,2297.0000,0
2022-07-08 00:00,2297.0000,2297.0000,2297.0000,2297.0000,0
2022-07-11 00:00,2297.0000,2297.0000,2297.0000,2297.0000,0
2022-07-12 00:00,2297.0000,2297.0000,2297.0000,2297.0000,0
2022-07-13 00:00,2297.0000,2297.0000,2297.0000,2297.0000,0
2022-07-14 00:00,2297.0000,2297.0000,2297.0000,2297.0000,0
2022-07-15 00:00,2297.0000,2297.0000,2297.0000,2297.0000,0
2022-07-18 00:00,2297.0000,2297.0000,2297.0000,2297.0000,0
2022-07-19 00:00,2297.0000,2297.0000,2297.0000,2297.0000,0
2022-07-20 00:00,2297.0000,2297.0000,2297.0000,2297.0000,0
2022-07-21 00:00,2297.0000,2297.0000,2297.0000,2297.0000,0
2022-07-22 00:00,2297.0000,2297.0000,2297.0000,2297.0000,0
2022-07-25 00:00,2297.0000,2297.0000,2297.0000,2297.0000,0
2022-07-26 00:00,2297.0000,2297.0000,2297.0000,2297.0000,0
2022-07-27 00:00,2297.0000,2297.0000,2297.0000,2297.0000,0
2022-07-28 00:00,2297.0000,2297.0000,2297.0000,2297.0000,0
2022-07-29 00:00,2297.0000,2297.0000,2297.0000,2297.0000,0
2022-08-01 00:00,2297.0000,2297.0000,2297.0000,2297.0000,0
2022-08-02 00:00,2297.0000,2297.0000,2297.0000,2297.0000,0
2022-08-03 00:00,2297.0000,2297.0000,2297.0000,2297.0000,0
2022-08-04 00:00,2297.0000,2297.0000,2297.0000,2297.0000,0
2022-08-05 00:00,2297.0000,2297.0000,2297.0000,2297.0000,0
2022-08-08 00:00,2297.0000,2297.0000,2297.0000,2297.0000,0
2022-08-09 00:00,2297.0000,2297.0000,2297.0000,2297.0000,0
2022-08-10 00:00,2297.0000,2297.0000,2297.0000,2297.0000,0
2022-08-11 00:00,2297.0000,2297.0000,2297.0000,2297.0000,0
2022-08-12 00:00,2297.0000,2297.0000,2297.0000,2297.0000,0
2022-08-15 00:00,2297.0000,2297.0000,2297.0000,2297.0000,0
2022-08-16 00:00,2297.0000,2297.0000,2297.0000,2297.0000,0
2022-08-17 00:00,2297.0000,2297.0000,2297.0000,2297.0000,0
2022-08-18 00:00,2297.0000,2297.0000,2297.0000,2297.0000,0
2022-08-19 00:00,2297.0000,2297.0000,2297.0000,2297.0000,0
2022-08-22 00:00,2297.0000,2297.0000,2297.0000,2297.0000,0
2022-08-23 00:00,2297.0000,2297.0000,2297.0000,2297.0000,0
2022-08-24 00:00,2297.0000,2297.0000,2297.0000,2297.0000,0
2022-08-25 00:00,2297.0000,2297.0000,2297.0000,2297.0000,0
2022-08-26 00:00,2297.0000,2297.0000,2297.0000,2297.0000,0
2022-08-29 00:00,2297.0000,2297.0000,2297.0000,2297.0000,0
2022-08-30 00:00,2297.0000,2297.0000,2297.0000,2297.0000,0
2022-08-31 00:00,2297.0000,2297.0000,2297.0000,2297.0000,0
2022-09-01 00:00,2297.0000,2297.0000,2297.0000,2297.0000,0
2022-09-02 00:00,2297.0000,2297.0000,2297.0000,2297.0000,0
2022-09-06 00:00,2297.0000,2297.0000,2297.0000,2297.0000,0
2022-09-07 00:00,2297.0000,2297.0000,2297.0000,2297.0000,0
2022-09-08 00:00,2297.0000,2297.0000,2297.0000,2297.0000,0
2022-09-09 00:00,2297.0000,2297.0000,2297.0000,2297.0000,0
2022-09-12 00:00,2297.0000,2297.0000,2297.0000,2297.0000,0
2022-09-13 00:00,2297.0000,2297.0000,2297.0000,2297.0000,0
2022-09-14 00:00,2297.0000,2297.0000,2297.0000,2297.0000,0
2022-09-15 00:00,2297.0000,2297.0000,2297.0000,2297.0000,0
2022-09-16 00:00,2297.0000,2297.0000,2297.0000,2297.0000,0
2022-09-19 00:00,2297.0000,2297.0000,2297.0000,2297.0000,0
2022-09-20 00:00,2297.0000,2297.0000,2297.0000,2297.0000,0
2022-09-21 00:00,2297.0000,2297.0000,2297.0000,2297.0000,0
2022-09-22 00:00,2297.0000,2297.0000,2297.0000,2297.0000,0
2022-09-23 00:00,2297.0000,2297.0000,2297.0000,2297.0000,0
2022-09-26 00:00,2297.0000,2297.0000,2297.0000,2297.0000,0
2022-09-27 00:00,2297.0000,2297.0000,2297.0000,2297.0000,0
2022-09-28 00:00,2297.0000,2297.0000,2297.0000,2297.0000,0
2022-09-29 00:00,2297.0000,2297.0000,2297.0000,2297.0000,0
2022-09-30 00:00,2297.0000,2297.0000,2297.0000,2297.0000,0
2022-10-03 00:00,2297.0000,2297.0000,2297.0000,2297.0000,0
2022-10-04 00:00,2297.0000,2297.0000,2297.0000,2297.0000,0
2022-10-05 00:00,2297.0000,2297.0000,2297.0000,2297.0000,0
2022-10-06 00:00,2297.0000,2297.0000,2297.0000,2297.0000,0
2022-10-07 00:00,2297.0000,2297.0000,2297.0000,2297.0000,0
2022-10-10 00:00,2297.0000,2297.0000,2297.0000,2297.0000,0
2022-10-11 00:00,2297.0000,2297.0000,2297.0000,2297.0000,0
2022-10-12 00:00,2297.0000,2297.0000,2297.0000,2297.0000,0
2022-10-13 00:00,2297.0000,2297.0000,2297.0000,2297.0000,0
2022-10-14 00:00,2297.0000,2297.0000,2297.0000,2297.0000,0
2022-10-17 00:00,2297.0000,2297.0000,2297.0000,2297.0000,0
2022-10-18 00:00,2297.0000,2297.0000,2297.0000,2297.0000,0
2022-10-19 00:00,2297.0000,2297.0000,2297.0000,2297.0000,0
2022-10-20 00:00,2297.0000,2297.0000,2297.0000,2297.0000,0
2022-10-21 00:00,2297.0000,2297.0000,2297.0000,2297.0000,0
2022-10-24 00:00,2297.0000,2297.0000,2297.0000,2297.0000,0
2022-10-25 00:00,2297.0000,2297.0000,2297.0000,2297.0000,0
2022-10-26 00:00,2297.0000,2297.0000,2297.0000,2297.0000,0
2022-10-27 00:00,2297.0000,2297.0000,2297.0000,2297.0000,0
2022-10-28 00:00,2297.0000,2297.0000,2297.0000,2297.0000,0
2022-10-31 00:00,2297.0000,2297.0000,2297.0000,2297.0000,0
2022-11-01 00:00,2297.0000,2297.0000,2297.0000,2297.0000,0
2022-11-02 00:00,2297.0000,2297.0000,2297.0000,2297.0000,0
2022-11-03 00:00,2297.0000,2297.0000,2297.0000,2297.0000,0
2022-11-04 00:00,2297.0000,2297.0000,2297.0000,2297.0000,0
2022-11-07 00:00,2297.0000,2297.0000,2297.0000,2297.0000,0
2022-11-08 00:00,2297.0000,2297.0000,2297.0000,2297.0000,0
2022-11-09 00:00,2297.0000,2297.0000,2297.0000,2297.0000,0
2022-11-10 00:00,2297.0000,2297.0000,2297.0000,2297.0000,0
2022-11-11 00:00,2297.0000,2297.0000,2297.0000,2297.0000,0
2022-11-14 00:00,2297.0000,2297.0000,2297.0000,2297.0000,0
2022-11-15 00:00,2297.0000,2297.0000,2297.0000,2297.0000,0
2022-11-16 00:00,2297.0000,2297.0000,2297.0000,2297.0000,0
2022-11-17 00:00,2297.0000,2297.0000,2297.0000,2297.0000,0
2022-11-18 00:00,2297.0000,2297.0000,2297.0000,2297.0000,0
2022-11-21 00:00,2297.0000,2297.0000,2297.0000,2297.0000,0
2022-11-22 00:00,2297.0000,2297.0000,2297.0000,2297.0000,0
2022-11-23 00:00,2297.0000,2297.0000,2297.0000,2297.0000,0
2022-11-25 00:00,2297.0000,2297.0000,2297.0000,2297.0000,0
2022-11-28 00:00,2297.0000,2297.0000,2297.0000,2297.0000,0
2022-11-29 00:00,2297.0000,2297.0000,2297.0000,2297.0000,0
2022-11-30 00:00,2297.0000,2297.0000,2297.0000,2297.0000,0
2022-12-01 00:00,2297.0000,2297.0000,2297.0000,2297.0000,0
2022-12-02 00:00,2297.0000,2297.0000,2297.0000,2297.0000,0
2022-12-05 00:00,2297.0000,2297.0000,2297.0000,2297.0000,0
2022-12-06 00:00,2297.0000,2297.0000,2297.0000,2297.0000,0
2022-12-07 00:00,2297.0000,2297.0000,2297.0000,2297.0000,0
2022-12-08 00:00,2297.0000,2297.0000,2297.0000,2297.0000,0
2022-12-09 00:00,2297.0000,2297.0000,2297.0000,2297.0000,0
2022-12-12 00:00,2297.0000,2297.0000,2297.0000,2297.0000,0
2022-12-13 00:00,2297.0000,2297.0000,2297.0000,2297.0000,0
2022-12-14 00:00,2297.0000,2297.0000,2297.0000,2297.0000,0
2022-12-15 00:00,2297.0000,2297.0000,2297.0000,2297.0000,0
2022-12-16 00:00,2297.0000,2297.0000,2297.0000,2297.0000,0
2022-12-19 00:00,2297.0000,2297.0000,2297.0000,2297.0000,0
2022-12-20 00:00,2297.0000,2297.0000,2297.0000,2297.0000,0
2022-12-21 00:00,2297.0000,2297.0000,2297.0000,2297.0000,0
2022-12-22 00:00,2297.0000,2297.0000,2297.0000,2297.0000,0
2022-12-23 00:00,2297.0000,2297.0000,2297.0000,2297.0000,0
2022-12-27 00:00,2297.0000,2297.0000,2297.0000,2297.0000,0
2022-12-28 00:00,2297.0000,2297.0000,2297.0000,2297.0000,0
2022-12-29 00:00,2297.0000,2297.0000,2297.0000,2297.0000,0
2022-12-30 00:00,2297.0000,2297.0000,2297.0000,2297.0000,0
2023-01-03 00:00,2297.0000,2297.0000,2297.0000,2297.0000,0
2023-01-04 00:00,2297.0000,2297.0000,2297.0000,2297.0000,0
2023-01-05 00:00,2297.0000,2297.0000,2297.0000,2297.0000,0
2023-01-06 00:00,2297.0000,2297.0000,2297.0000,2297.0000,0
2023-01-09 00:00,2297.0000,2297.0000,2297.0000,2297.0000,0
2023-01-10 00:00,2297.0000,2297.0000,2297.0000,2297.0000,0
2023-01-11 00:00,2297.0000,2297.0000,2297.0000,2297.0000,0
2023-01-12 00:00,2297.0000,2297.0000,2297.0000,2297.0000,0
2023-01-13 00:00,2297.0000,2297.0000,2297.0000,2297.0000,0
2023-01-17 00:00,2297.0000,2297.0000,2297.0000,2297.0000,0
2023-01-18 00:00,2297.0000,2297.0000,2297.0000,2297.0000,0
2023-01-19 00:00,2297.0000,2297.0000,2297.0000,2297.0000,0
2023-01-20 00:00,2297.0000,2297.0000,2297.0000,2297.0000,0
2023-01-23 00:00,2297.0000,2297.0000,2297.0000,2297.0000,0
2023-01-24 00:00,2297.0000,2297.0000,2297.0000,2297.0000,0
2023-01-25 00:00,2297.0000,2297.0000,2297.0000,2297.0000,0
2023-01-26 00:00,2297.0000,2297.0000,2297.0000,2297.0000,0
2023-01-27 00:00,2297.0000,2297.0000,2297.0000,2297.0000,0
2023-01-30 00:00,2297.0000,2297.0000,2297.0000,2297.0000,0
2023-01-31 00:00,2297.0000,2297.0000,2297.0000,2297.0000,0
2023-02-01 00:00,2297.0000,2297.0000,2297.0000,2297.0000,0
2023-02-02 00:00,2297.0000,2297.0000,2297.0000,2297.0000,0
2023-02-03 00:00,2297.0000,2297.0000,2297.0000,2297.0000,0
2023-02-06 00:00,2297.0000,2297.0000,2297.0000,2297.0000,0
2023-02-07 00:00,2297.0000,2297.0000,2297.0000,2297.0000,0
2023-02-08 00:00,2297.0000,2297.0000,2297.0000,2297.0000,0
2023-02-09 00:00,2297.0000,2297.0000,2297.0000,2297.0000,0
2023-02-10 00:00,2297.0000,2297.0000,2297.0000,2297.0000,0
2023-02-13 00:00,2297.0000,2297.0000,2297.0000,2297.0000,0
2023-02-14 00:00,2297.0000,2297.0000,2297.0000,2297.0000,0
2023-02-15 00:00,2297.0000,2297.0000,2297.0000,2297.0000,0
2023-02-16 00:00,2297.0000,2297.0000,2297.0000,2297.0000,0
2023-02-17 00:00,2297.0000,2297.0000,2297.0000,2297.0000,0
2023-02-21 00:00,2297.0000,2297.0000,2297.0000,2297.0000,0
2023-02-22 00:00,2297.0000,2297.0000,2297.0000,2297.0000,0
2023-02-23 00:00,2297.0000,2297.0000,2297.0000,2297.0000,0
2023-02-24 00:00,2297.0000,2297.0000,2297.0000,2297.0000,0
2023-02-27 00:00,2297.0000,2297.0000,2297.0000,2297.0000,0
2023-02-28 00:00,2297.0000,2297.0000,2297.0000,2297.0000,0
2023-03-01 00:00,2297.0000,2297.0000,2297.0000,2297.0000,0
2023-03-02 00:00,2297.0000,2297.0000,2297.0000,2297.0000,0
2023-03-03 00:00,2297.0000,2297.0000,2297.0000,2297.0000,0
2023-03-06 00:00,2297.0000,2297.0000,2297.0000,2297.0000,0
2023-03-07 00:00,2297.0000,2297.0000,2297.0000,2297.0000,0
2023-03-08 00:00,2297.0000,2297.0000,2297.0000,2297.0000,0
2023-03-09 00:00,2297.0000,2297.0000,2297.0000,2297.0000,0
2023-03-10 00:00,2297.0000,2297.0000,2297.0000,2297.0000,0
2023-03-13 00:00,2297.0000,2297.0000,2297.0000,2297.0000,0
2023-03-14 00:00,2297.0000,2297.0000,2297.0000,2297.0000,0
2023-03-15 00:00,2297.0000,2297.0000,2297.0000,2297.0000,0
2023-03-16 00:00,2297.0000,2297.0000,2297.0000,2297.0000,0
2023-03-17 00:00,2297.0000,2297.0000,2297.0000,2297.0000,0
2023-03-20 00:00,2297.0000,2297.0000,2297.0000,2297.0000,0
2023-03-21 00:00,2297.0000,2297.0000,2297.0000,2297.0000,0
2023-03-22 00:00,2297.0000,2297.0000,2297.0000,2297.0000,0
2023-03-23 00:00,2297.0000,2297.0000,2297.0000,2297.0000,0
2023-03-24 00:00,2297.0000,2297.0000,2297.0000,2297.0000,0
2023-03-27 00:00,2297.0000,2297.0000,2297.0000,2297.0000,0
2023-03-28 00:00,2297.0000,2297.0000,2297.0000,2297.0000,0
2023-03-29 00:00,2297.0000,2297.0000,2297.0000,2297.0000,0
2023-03-30 00:00,2297.0000,2297.0000,2297.0000,2297.0000,0
2023-03-31 00:00,2297.0000,2297.0000,2297.0000,2297.0000,0
2023-04-03 00:00,2297.0000,2297.0000,2297.0000,2297.0000,0
2023-04-04 00:00,2297.0000,2297.0000,2297.0000,2297.0000,0
2023-04-05 00:00,2297.0000,2297.0000,2297.0000,2297.0000,0
2023-04-06 00:00,2297.0000,2297.0000,2297.0000,2297.0000,0
2023-04-10 00:00,2297.0000,2297.0000,2297.0000,2297.0000,0
2023-04-11 00:00,2297.0000,2297.0000,2297.0000,2297.0000,0
2023-04-12 00:00,2297.0000,2297.0000,2297.0000,2297.0000,0
2023-04-13 00:00,2297.0000,2297.0000,2297.0000,2297.0000,0
2023-04-14 00:00,2297.0000,2297.0000,2297.0000,2297.0000,0
2023-04-17 00:00,2297.0000,2297.0000,2297.0000,2297.0000,0
2023-04-18 00:00,2297.0000,2297.0000,2297.0000,2297.0000,0
2023-04-19 00:00,2297.0000,2297.0000,2297.0000,2297.0000,0
2023-04-20 00:00,2297.0000,2297.0000,2297.0000,2297.0000,0
2023-04-21 00:00,2297.0000,2297.0000,2297.0000,2297.0000,0
2023-04-24 00:00,2297.0000,2297.0000,2297.0000,2297.0000,0
2023-04-25 00:00,2297.0000,2297.0000,2297.0000,2297.0000,0
2023-04-26 00:00,2297.0000,2297.0000,2297.0000,2297.0000,0
2023-04-27 00:00,2297.0000,2297.0000,2297.0000,2297.0000,0
2023-04-28 00:00,2297.0000,2297.0000,2297.0000,2297.0000,0
2023-05-01 00:00,2297.0000,2297.0000,2297.0000,2297.0000,0
2023-05-02 00:00,2297.0000,2297.0000,2297.0000,2297.0000,0
2023-05-03 00:00,2297.0000,2297.0000,2297.0000,2297.0000,0
2023-05-04 00:00,2297.0000,2297.0000,2297.0000,2297.0000,0
2023-05-05 00:00,2297.0000,2297.0000,2297.0000,2297.0000,0
2023-05-08 00:00,2297.0000,2297.0000,2297.0000,2297.0000,0
2023-05-09 00:00,2297.0000,2297.0000,2297.0000,2297.0000,0
2023-05-10 00:00,2297.0000,2297.0000,2297.0000,2297.0000,0
2023-05-11 00:00,2297.0000,2297.0000,2297.0000,2297.0000,0
2023-05-12 00:00,2297.0000,2297.0000,2297.0000,2297.0000,0
2023-05-15 00:00,2297.0000,2297.0000,2297.0000,2297.0000,0
2023-05-16 00:00,2297.0000,2297.0000,2297.0000,2297.0000,0
2023-05-17 00:00,2297.0000,2297.0000,2297.0000,2297.0000,0
2023-05-18 00:00,2297.0000,2297.0000,2297.0000,2297.0000,0
2023-05-19 00:00,2297.0000,2297.0000,2297.0000,2297.0000,0
2023-05-22 00:00,2297.0000,2297.0000,2297.0000,2297.0000,0
2023-05-23 00:00,2297.0000,2297.0000,2297.0000,2297.0000,0
2023-05-24 00:00,2297.0000,2297.0000,2297.0000,2297.0000,0
2023-05-25 00:00,2297.0000,2297.0000,2297.0000,2297.0000,0
2023-05-26 00:00,2297.0000,2297.0000,2297.0000,2297.0000,0
2023-05-30 00:00,2297.0000,2297.0000,2297.0000,2297.0000,0
2023-05-31 00:00,2297.0000,2297.0000,2297.0000,2297.0000,0
2023-06-01 00:00,2297.0000,2297.0000,2297.0000,2297.0000,0
2023-06-02 00:00,2297.0000,2297.0000,2297.0000,2297.0000,0
2023-06-05 00:00,2297.0000,2297.0000,2297.0000,2297.0000,0
2023-06-06 00:00,2297.0000,2297.0000,2297.0000,2297.0000,0
2023-06-07 00:00,2297.0000,2297.0000,2297.0000,2297.0000,0
2023-06-08 00:00,2297.0000,2297.0000,2297.0000,2297.0000,0
2023-06-09 00:00,2297.0000,2297.0000,2297.0000,2297.0000,0
2023-06-12 00:00,2297.0000,2297.0000,2297.0000,2297.0000,0
2023-06-13 00:00,2297.0000,2297.0000,2297.0000,2297.0000,0
2023-06-14 00:00,2297.0000,2297.0000,2297.0000,2297.0000,0
2023-06-15 00:00,2297.0000,2297.0000,2297.0000,2297.0000,0
2023-06-16 00:00,2297.0000,2297.0000,2297.0000,2297.0000,0
2023-06-20 00:00,2297.0000,2297.0000,2297.0000,2297.0000,0
2023-06-21 00:00,2297.0000,2297.0000,2297.0000,2297.0000,0
2023-06-22 00:00,2297.0000,2297.0000,2297.0000,2297.0000,0
2023-06-23 00:00,2297.0000,2297.0000,2297.0000,2297.0000,0
2023-06-26 00:00,2297.0000,2297.0000,2297.0000,2297.0000,0
2023-06-27 00:00,2297.0000,2297.0000,2297.0000,2297.0000,0
2023-06-28 00:00,2297.0000,2297.0000,2297.0000,2297.0000,0
2023-06-29 00:00,2297.0000,2297.0000,2297.0000,2297.0000,0
2023-06-30 00:00,2297.0000,2297.0000,2297.0000,2297.0000,0
2023-07-03 00:00,2297.0000,2297.0000,2297.0000,2297.0000,0
2023-07-05 00:00,2297.0000,2297.0000,2297.0000,2297.0000,0
2023-07-06 00:00,2297.0000,2297.0000,2297.0000,2297.0000,0
2023-07-07 00:00,2297.0000,2297.0000,2297.0000,2297.0000,0
2023-07-10 00:00,2297.0000,2297.0000,2297.0000,2297.0000,0
2023-07-11 00:00,2297.0000,2297.0000,2297.0000,2297.0000,0
2023-07-12 00:00,2297.0000,2297.0000,2297.0000,2297.0000,0
2023-07-13 00:00,2297.0000,2297.0000,2297.0000,2297.0000,0
2023-07-14 00:00,2297.0000,2297.0000,2297.0000,2297.0000,0
2023-07-17 00:00,2297.0000,2297.0000,2297.0000,2297.0000,0
2023-07-18 00:00,2297.0000,2297.0000,2297.0000,2297.0000,0
2023-07-19 00:00,2297.0000,2297.0000,2297.0000,2297.0000,0
2023-07-20 00:00,2297.0000,2297.0000,2297.0000,2297.0000,0
2023-07-21 00:00,2297.0000,2297.0000,2297.0000,2297.0000,0
2023-07-24 00:00,2297.0000,2297.0000,2297.0000,2297.0000,0
2023-07-25 00:00,2297.0000,2297.0000,2297.0000,2297.0000,0
2023-07-26 00:00,2297.0000,2297.0000,2297.0000,2297.0000,0
2023-07-27 00:00,2297.0000,2297.0000,2297.0000,2297.0000,0
2023-07-28 00:00,2297.0000,2297.0000,2297.0000,2297.0000,0
2023-07-31 00:00,2297.0000,2297.0000,2297.0000,2297.0000,0
2023-08-01 00:00,2297.0000,2297.0000,2297.0000,2297.0000,0
2023-08-02 00:00,2297.0000,2297.0000,2297.0000,2297.0000,0
2023-08-03 00:00,2297.0000,2297.0000,2297.0000,2297.0000,0
2023-08-04 00:00,2297.0000,2297.0000,2297.0000,2297.0000,0
2023-08-07 00:00,2297.0000,2297.0000,2297.0000,2297.0000,0
2023-08-08 00:00,2297.0000,2297.0000,2297.0000,2297.0000,0
2023-08-09 00:00,2297.0000,2297.0000,2297.0000,2297.0000,0
2023-08-10 00:00,2297.0000,2297.0000,2297.0000,2297.0000,0
2023-08-11 00:00,2297.0000,2297.0000,2297.0000,2297.0000,0
2023-08-14 00:00,2297.0000,2297.0000,2297.0000,2297.0000,0
2023-08-15 00:00,2297.0000,2297.0000,2297.0000,2297.0000,0
2023-08-16 00:00,2297.0000,2297.0000,2297.0000,2297.0000,0
2023-08-17 00:00,2297.0000,2297.0000,2297.0000,2297.0000,0
2023-08-18 00:00,2297.0000,2297.0000,2297.0000,2297.0000,0
2023-08-21 00:00,2297.0000,2297.0000,2297.0000,2297.0000,0
2023-08-22 00:00,2297.0000,2297.0000,2297.0000,2297.0000,0
2023-08-23 00:00,2297.0000,2297.0000,2297.0000,2297.0000,0
2023-08-24 00:00,2297.0000,2297.0000,2297.0000,2297.0000,0
2023-08-25 00:00,2297.0000,2297.0000,2297.0000,2297.0000,0
2023-08-28 00:00,2297.0000,2297.0000,2297.0000,2297.0000,0
2023-08-29 00:00,2297.0000,2297.0000,2297.0000,2297.0000,0
2023-08-30 00:00,2297.0000,2297.0000,2297.0000,2297.0000,0
2023-08-31 00:00,2297.0000,2297.0000,2297.0000,2297.0000,0
2023-09-01 00:00,2297.0000,2297.0000,2297.0000,2297.0000,0
2023-09-05 00:00,2297.0000,2297.0000,2297.0000,2297.0000,0
2023-09-06 00:00,2297.0000,2297.0000,2297.0000,2297.0000,0
2023-09-07 00:00,2297.0000,2297.0000,2297.0000,2297.0000,0
2023-09-08 00:00,2297.0000,2297.0000,2297.0000,2297.0000,0
2023-09-11 00:00,2297.0000,2297.0000,2297.0000,2297.0000,0
2023-09-12 00:00,2297.0000,2297.0000,2297.0000,2297.0000,0
2023-09-13 00:00,2297.0000,2297.0000,2297.0000,2297.0000,0
2023-09-14 00:00,2297.0000,2297.0000,2297.0000,2297.0000,0
2023-09-15 00:00,2297.0000,2297.0000,2297.0000,2297.0000,0
2023-09-18 00:00,2297.0000,2297.0000,2297.0000,2297.0000,0
2023-09-19 00:00,2297.0000,2297.0000,2297.0000,2297.0000,0
2023-09-20 00:00,2297.0000,2297.0000,2297.0000,2297.0000,0
2023-09-21 00:00,2297.0000,2297.0000,2297.0000,2297.0000,0
2023-09-22 00:00,2297.0000,2297.0000,2297.0000,2297.0000,0
2023-09-25 00:00,2297.0000,2297.0000,2297.0000,2297.0000,0
2023-09-26 00:00,2297.0000,2297.0000,2297.0000,2297.0000,0
2023-09-27 00:00,2297.0000,2297.0000,2297.0000,2297.0000,0
2023-09-28 00:00,2297.0000,2297.0000,2297.0000,2297.0000,0
2023-09-29 00:00,2297.0000,2297.0000,2297.0000,2297.0000,0
2023-10-02 00:00,2297.0000,2297.0000,2297.0000,2297.0000,0
2023-10-03 00:00,2297.0000,2297.0000,2297.0000,2297.0000,0
2023-10-04 00:00,2297.0000,2297.0000,2297.0000,2297.0000,0
2023-10-05 00:00,2297.0000,2297.0000,2297.0000,2297.0000,0
2023-10-06 00:00,2297.0000,2297.0000,2297.0000,2297.0000,0
2023-10-09 00:00,2297.0000,2297.0000,2297.0000,2297.0000,0
2023-10-10 00:00,2297.0000,2297.0000,2297.0000,2297.0000,0
2023-10-11 00:00,2297.0000,2297.0000,2297.0000,2297.0000,0
2023-10-12 00:00,2297.0000,2297.0000,2297.0000,2297.0000,0
2023-10-13 00:00,2297.0000,2297.0000,2297.0000,2297.0000,0
2023-10-16 00:00,2297.0000,2297.0000,2297.0000,2297.0000,0
2023-10-17 00:00,2297.0000,2297.0000,2297.0000,2297.0000,0
2023-10-18 00:00,2297.0000,2297.0000,2297.0000,2297.0000,0
2023-10-19 00:00,2297.0000,2297.0000,2297.0000,2297.0000,0
2023-10-20 00:00,2297.0000,2297.0000,2297.0000,2297.0000,0
2023-10-23 00:00,2297.0000,2297.0000,2297.0000,2297.0000,0
2023-10-24 00:00,2297.0000,2297.0000,2297.0000,2297.0000,0
2023-10-25 00:00,2297.0000,2297.0000,2297.0000,2297.0000,0
2023-10-26 00:00,2297.0000,2297.0000,2297.0000,2297.0000,0
2023-10-27 00:00,2297.0000,2297.0000,2297.0000,2297.0000,0
2023-10-30 00:00,2297.0000,2297.0000,2297.0000,2297.0000,0
2023-10-31 00:00,2297.0000,2297.0000,2297.0000,2297.0000,0
2023-11-01 00:00,2297.0000,2297.0000,2297.0000,2297.0000,0
2023-11-02 00:00,2297.0000,2297.0000,2297.0000,2297.0000,0
2023-11-03 00:00,2297.0000,2297.0000,2297.0000,2297.0000,0
2023-11-06 00:00,2297.0000,2297.0000,2297.0000,2297.0000,0
2023-11-07 00:00,2297.0000,2297.0000,2297.0000,2297.0000,0
2023-11-08 00:00,2297.0000,2297.0000,2297.0000,2297.0000,0
2023-11-09 00:00,2297.0000,2297.0000,2297.0000,2297.0000,0
2023-11-10 00:00,2297.0000,2297.0000,2297.0000,2297.0000,0
2023-11-13 00:00,2297.0000,2297.0000,2297.0000,2297.0000,0
2023-11-14 00:00,2297.0000,2297.0000,2297.0000,2297.0000,0
2023-11-15 00:00,2297.0000,2297.0000,2297.0000,2297.0000,0
2023-11-16 00:00,2297.0000,2297.0000,2297.0000,2297.0000,0
2023-11-17 00:00,2297.0000,2297.0000,2297.0000,2297.0000,0
2023-11-20 00:00,2297.0000,2297.0000,2297.0000,2297.0000,0
2023-11-21 00:00,2297.0000,2297.0000,2297.0000,2297.0000,0
2023-11-22 00:00,2297.0000,2297.0000,2297.0000,2297.0000,0
2023-11-24 00:00,2297.0000,2297.0000,2297.0000,2297.0000,0
2023-11-27 00:00,2297.0000,2297.0000,2297.0000,2297.0000,0
2023-11-28 00:00,2297.0000,2297.0000,2297.0000,2297.0000,0
2023-11-29 00:00,2297.0000,2297.0000,2297.0000,2297.0000,0
2023-11-30 00:00,2297.0000,2297.0000,2297.0000,2297.0000,0
2023-12-01 00:00,2297.0000,2297.0000,2297.0000,2297.0000,0
2023-12-04 00:00,2297.0000,2297.0000,2297.0000,2297.0000,0
2023-12-05 00:00,2297.0000,2297.0000,2297.0000,2297.0000,0
2023-12-06 00:00,2297.0000,2297.0000,2297.0000,2297.0000,0
2023-12-07 00:00,2297.0000,2297.0000,2297.0000,2297.0000,0
2023-12-08 00:00,2297.0000,2297.0000,2297.0000,2297.0000,0
2023-12-11 00:00,2297.0000,2297.0000,2297.0000,2297.0000,0
2023-12-12 00:00,2297.0000,2297.0000,2297.0000,2297.0000,0
2023-12-13 00:00,2297.0000,2297.0000,2297.0000,2297.0000,0
2023-12-14 00:00,2297.0000,2297.0000,2297.0000,2297.0000,0
2023-12-15 00:00,2297.0000,2297.0000,2297.0000,2297.0000,0
2023-12-18 00:00,2297.0000,2297.0000,2297.0000,2297.0000,0
2023-12-19 00:00,2297.0000,2297.0000,2297.0000,2297.0000,0
2023-12-20 00:00,2297.0000,2297.0000,2297.0000,2297.0000,0
2023-12-21 00:00,2297.0000,2297.0000,2297.0000,2297.0000,0
2023-12-22 00:00,2297.0000,2297.0000,2297.0000,2297.0000,0
2023-12-26 00:00,2297.0000,2297.0000,2297.0000,2297.0000,0
2023-12-27 00:00,2297.0000,2297.0000,2297.0000,2297.0000,0
2023-12-28 00:00,2297.0000,2297.0000,2297.0000,2297.0000,0
2023-12-29 00:00,2297.0000,2297.0000,2297.0000,2297.0000,0
2024-01-02 00:00,2297.0000,2297.0000,2297.0000,2297.0000,0
2024-01-03 00:00,2297.0000,2297.0000,2297.0000,2297.0000,0
2024-01-04 00:00,2297.0000,2297.0000,2297.0000,2297.0000,0
2024-01-05 00:00,2297.0000,2297.0000,2297.0000,2297.0000,0
2024-01-08 00:00,2297.0000,2297.0000,2297.0000,2297.0000,0
2024-01-09 00:00,2297.0000,2297.0000,2297.0000,2297.0000,0
2024-01-10 00:00,2297.0000,2297.0000,2297.0000,2297.0000,0
2024-01-11 00:00,2297.0000,2297.0000,2297.0000,2297.0000,0
2024-01-12 00:00,2297.0000,2297.0000,2297.0000,2297.0000,0
2024-01-16 00:00,2297.0000,2297.0000,2297.0000,2297.0000,0
2024-01-17 00:00,2297.0000,2297.0000,2297.0000,2297.0000,0
2024-01-18 00:00,2297.0000,2297.0000,2297.0000,2297.0000,0
2024-01-19 00:00,2297.0000,2297.0000,2297.0000,2297.0000,0
2024-01-22 00:00,2297.0000,2297.0000,2297.0000,2297.0000,0
2024-01-23 00:00,2297.0000,2297.0000,2297.0000,2297.0000,0
2024-01-24 00:00,2297.0000,2297.0000,2297.0000,2297.0000,0
2024-01-25 00:00,2297.0000,2297.0000,2297.0000,2297.0000,0
2024-01-26 00:00,2297.0000,2297.0000,2297.0000,2297.0000,0
2024-01-29 00:00,2297.0000,2297.0000,2297.0000,2297.0000,0
2024-01-30 00:00,2297.0000,2297.0000,2297.0000,2297.0000,0
2024-01-31 00:00,2297.0000,2297.0000,2297.0000,2297.0000,0
2024-02-01 00:00,2297.0000,2297.0000,2297.0000,2297.0000,0
2024-02-02 00:00,2297.0000,2297.0000,2297.0000,2297.0000,0
2024-02-05 00:00,2297.0000,2297.0000,2297.0000,2297.0000,0
2024-02-06 00:00,2297.0000,2297.0000,2297.0000,2297.0000,0
2024-02-07 00:00,2297.0000,2297.0000,2297.0000,2297.0000,0
2024-02-08 00:00,2297.0000,2297.0000,2297.0000,2297.0000,0
2024-02-09 00:00,2297.0000,2297.0000,2297.0000,2297.0000,0
2024-02-12 00:00,2297.0000,2297.0000,2297.0000,2297.0000,0
2024-02-13 00:00,2297.0000,2297.0000,2297.0000,2297.0000,0
2024-02-14 00:00,2297.0000,2297.0000,2297.0000,2297.0000,0
2024-02-15 00:00,2297.0000,2297.0000,2297.0000,2297.0000,0
2024-02-16 00:00,2297.0000,2297.0000,2297.0000,2297.0000,0
2024-02-20 00:00,2297.0000,2297.0000,2297.0000,2297.0000,0
2024-02-21 00:00,2297.0000,2297.0000,2297.0000,2297.0000,0
2024-02-22 00:00,2297.0000,2297.0000,2297.0000,2297.0000,0
2024-02-23 00:00,2297.0000,2297.0000,2297.0000,2297.0000,0
2024-02-26 00:00,2297.0000,2297.0000,2297.0000,2297.0000,0
2024-02-27 00:00,2297.0000,2297.0000,2297.0000,2297.0000,0
2024-02-28 00:00,2297.0000,2297.0000,2297.0000,2297.0000,0
2024-02-29 00:00,2297.0000,2297.0000,2297.0000,2297.0000,0
2024-03-01 00:00,2297.0000,2297.0000,2297.0000,2297.0000,0
2024-03-04 00:00,2297.0000,2297.0000,2297.0000,2297.0000,0
2024-03-05 00:00,2297.0000,2297.0000,2297.0000,2297.0000,0
2024-03-06 00:00,2297.0000,2297.0000,2297.0000,2297.0000,0
2024-03-07 00:00,2297.0000,2297.0000,2297.0000,2297.0000,0
2024-03-08 00:00,2297.0000,2297.0000,2297.0000,2297.0000,0
2024-03-11 00:00,2297.0000,2297.0000,2297.0000,2297.0000,0
2024-03-12 00:00,2297.0000,2297.0000,2297.0000,2297.0000,0
2024-03-13 00:00,2297.0000,2297.0000,2297.0000,2297.0000,0
2024-03-14 00:00,2297.0000,2297.0000,2297.0000,2297.0000,0
2024-03-15 00:00,2297.0000,2297.0000,2297.0000,2297.0000,0
2024-03-18 00:00,2297.0000,2297.0000,2297.0000,2297.0000,0
2024-03-19 00:00,2297.0000,2297.0000,2297.0000,2297.0000,0
2024-03-20 00:00,2297.0000,2297.0000,2297.0000,2297.0000,0
2024-03-21 00:00,2297.0000,2297.0000,2297.0000,2297.0000,0
2024-03-22 00:00,2297.0000,2297.0000,2297.0000,2297.0000,0
2024-03-25 00:00,2297.0000,2297.0000,2297.0000,2297.0000,0
2024-03-26 00:00,2297.0000,2297.0000,2297.0000,2297.0000,0
2024-03-27 00:00,2297.0000,2297.0000,2297.0000,2297.0000,0
2024-03-28 00:00,2297.0000,2297.0000,2297.0000,2297.0000,0
2024-04-01 00:00,2297.0000,2297.0000,2297.0000,2297.0000,0
2024-04-02 00:00,2297.0000,2297.0000,2297.0000,2297.0000,0
2024-04-03 00:00,2297.0000,2297.0000,2297.0000,2297.0000,0
2024-04-04 00:00,2297.0000,2297.0000,2297.0000,2297.0000,0
2024-04-05 00:00,2297.0000,2297.0000,2297.0000,2297.0000,0
2024-04-08 00:00,2297.0000,2297.0000,2297.0000,2297.0000,0
2024-04-09 00:00,2297.0000,2297.0000,2297.0000,2297.0000,0
2024-04-10 00:00,2297.0000,2297.0000,2297.0000,2297.0000,0
2024-04-11 00:00,2297.0000,2297.0000,2297.0000,2297.0000,0
2024-04-12 00:00,2297.0000,2297.0000,2297.0000,2297.0000,0
2024-04-15 00:00,2297.0000,2297.0000,2297.0000,2297.0000,0
2024-04-16 00:00,2297.0000,2297.0000,2297.0000,2297.0000,0
2024-04-17 00:00,2297.0000,2297.0000,2297.0000,2297.0000,0
2024-04-18 00:00,2297.0000,2297.0000,2297.0000,2297.0000,0
2024-04-19 00:00,2297.0000,2297.0000,2297.0000,2297.0000,0
2024-04-22 00:00,2297.0000,2297.0000,2297.0000,2297.0000,0
2024-04-23 00:00,2297.0000,2297.0000,2297.0000,2297.0000,0
2024-04-24 00:00,2297.0000,2297.0000,2297.0000,2297.0000,0
2024-04-25 00:00,2297.0000,2297.0000,2297.0000,2297.0000,0
2024-04-26 00:00,2297.0000,2297.0000,2297.0000,2297.0000,0
2024-04-29 00:00,2297.0000,2297.0000,2297.0000,2297.0000,0
2024-04-30 00:00,2297.0000,2297.0000,2297.0000,2297.0000,0
2024-05-01 00:00,2297.0000,2297.0000,2297.0000,2297.0000,0
2024-05-02 00:00,2297.0000,2297.0000,2297.0000,2297.0000,0
2024-05-03 00:00,2297.0000,2297.0000,2297.0000,2297.0000,0
2024-05-06 00:00,2297.0000,2297.0000,2297.0000,2297.0000,0
2024-05-07 00:00,2297.0000,2297.0000,2297.0000,2297.0000,0
2024-05-08 00:00,2297.0000,2297.0000,2297.0000,2297.0000,0
2024-05-09 00:00,2297.0000,2297.0000,2297.0000,2297.0000,0
2024-05-10 00:00,2297.0000,2297.0000,2297.0000,2297.0000,0
2024-05-13 00:00,2297.0000,2297.0000,2297.0000,2297.0000,0
2024-05-14 00:00,2297.0000,2297.0000,2297.0000,2297.0000,0
2024-05-15 00:00,2297.0000,2297.0000,2297.0000,2297.0000,0
2024-05-16 00:00,2297.0000,2297.0000,2297.0000,2297.0000,0
2024-05-17 00:00,2297.0000,2297.0000,2297.0000,2297.0000,0
2024-05-20 00:00,2297.0000,2297.0000,2297.0000,2297.0000,0
2024-05-21 00:00,2297.0000,2297.0000,2297.0000,2297.0000,0
2024-05-22 00:00,2297.0000,2297.0000,2297.0000,2297.0000,0
2024-05-23 00:00,2297.0000,2297.0000,2297.0000,2297.0000,0
2024-05-24 00:00,2297.0000,2297.0000,2297.0000,2297.0000,0
2024-05-28 00:00,2297.0000,2297.0000,2297.0000,2297.0000,0
2024-05-29 00:00,2297.0000,2297.0000,2297.0000,2297.0000,0
2024-05-30 00:00,2297.0000,2297.0000,2297.0000,2297.0000,0
2024-05-31 00:00,2297.0000,2297.0000,2297.0000,2297.0000,0
2024-06-03 00:00,2297.0000,2297.0000,2297.0000,2297.0000,0
2024-06-04 00:00,2297.0000,2297.0000,2297.0000,2297.0000,0
2024-06-05 00:00,2297.0000,2297.0000,2297.0000,2297.0000,0
2024-06-06 00:00,2297.0000,2297.0000,2297.0000,2297.0000,0
2024-06-07 00:00,2297.0000,2297.0000,2297.0000,2297.0000,0
2024-06-10 00:00,2297.0000,2297.0000,2297.0000,2297.0000,0
2024-06-11 00:00,2297.0000,2297.0000,2297.0000,2297.0000,0
2024-06-12 00:00,2297.0000,2297.0000,2297.0000,2297.0000,0
2024-06-13 00:00,2297.0000,2297.0000,2297.0000,2297.0000,0
2024-06-14 00:00,2297.0000,2297.0000,2297.0000,2297.0000,0
2024-06-17 00:00,2297.0000,2297.0000,2297.0000,2297.0000,0
2024-06-18 00:00,2297.0000,2297.0000,2297.0000,2297.0000,0
2024-06-20 00:00,2297.0000,2297.0000,2297.0000,2297.0000,0
2024-06-21 00:00,2297.0000,2297.0000,2297.0000,2297.0000,0
2024-06-24 00:00,2297.0000,2297.0000,2297.0000,2297.0000,0
2024-06-25 00:00,2297.0000,2297.0000,2297.0000,2297.0000,0
2024-06-26 00:00,2297.0000,2297.0000,2297.0000,2297.0000,0
2024-06-27 00:00,2297.0000,2297.0000,2297.0000,2297.0000,0
2024-06-28 00:00,2297.0000,2297.0000,2297.0000,2297.0000,0
2024-07-01 00:00,2297.0000,2297.0000,2297.0000,2297.0000,0
2024-07-02 00:00,2297.0000,2297.0000,2297.0000,2297.0000,0
2024-07-03 00:00,2297.0000,2297.0000,2297.0000,2297.0000,0
2024-07-05 00:00,2297.0000,2297.0000,2297.0000,2297.0000,0
2024-07-08 00:00,2297.0000,2297.0000,2297.0000,2297.0000,0
2024-07-09 00:00,2297.0000,2297.0000,2297.0000,2297.0000,0
2024-07-10 00:00,2297.0000,2297.0000,2297.0000,2297.0000,0
2024-07-11 00:00,2297.0000,2297.0000,2297.0000,2297.0000,0
2024-07-12 00:00,2297.0000,2297.0000,2297.0000,2297.0000,0
2024-07-15 00:00,2297.0000,2297.0000,2297.0000,2297.0000,0
2024-07-16 00:00,2297.0000,2297.0000,2297.0000,2297.0000,0
2024-07-17 00:00,2297.0000,2297.0000,2297.0000,2297.0000,0
2024-07-18 00:00,2297.0000,2297.0000,2297.0000,2297.0000,0
2024-07-19 00:00,2297.0000,2297.0000,2297.0000,2297.0000,0
2024-07-22 00:00,2297.0000,2297.0000,2297.0000,2297.0000,0
2024-07-23 00:00,2297.0000,2297.0000,2297.0000,2297.0000,0
2024-07-24 00:00,2297.0000,2297.0000,2297.0000,2297.0000,0
2024-07-25 00:00,2297.0000,2297.0000,2297.0000,2297.0000,0
2024-07-26 00:00,2297.0000,2297.0000,2297.0000,2297.0000,0
2024-07-29 00:00,2297.0000,2297.0000,2297.0000,2297.0000,0
2024-07-30 00:00,2297.0000,2297.0000,2297.0000,2297.0000,0
2024-07-31 00:00,2297.0000,2297.0000,2297.0000,2297.0000,0
2024-08-01 00:00,2297.0000,2297.0000,2297.0000,2297.0000,0
2024-08-02 00:00,2297.0000,2297.0000,2297.0000,2297.0000,0
2024-08-05 00:00,2297.0000,2297.0000,2297.0000,2297.0000,0
2024-08-06 00:00,2297.0000,2297.0000,2297.0000,2297.0000,0
2024-08-07 00:00,2297.0000,2297.0000,2297.0000,2297.0000,0
2024-08-08 00:00,2297.0000,2297.0000,2297.0000,2297.0000,0
2024-08-09 00:00,2297.0000,2297.0000,2297.0000,2297.0000,0
2024-08-12 00:00,2297.0000,2297.0000,2297.0000,2297.0000,0
2024-08-13 00:00,2297.0000,2297.0000,2297.0000,2297.0000,0
2024-08-14 00:00,2297.0000,2297.0000,2297.0000,2297.0000,0
2024-08-15 00:00,2297.0000,2297.0000,2297.0000,2297.0000,0
2024-08-16 00:00,2297.0000,2297.0000,2297.0000,2297.0000,0
2024-08-19 00:00,2297.0000,2297.0000,2297.0000,2297.0000,0
2024-08-20 00:00,2297.0000,2297.0000,2297.0000,2297.0000,0
2024-08-21 00:00,2297.0000,2297.0000,2297.0000,2297.0000,0
2024-08-22 00:00,2297.0000,2297.0000,2297.0000,2297.0000,0
2024-08-23 00:00,2297.0000,2297.0000,2297.0000,2297.0000,0
2024-08-26 00:00,2297.0000,2297.0000,2297.0000,2297.0000,0
2024-08-27 00:00,2297.0000,2297.0000,2297.0000,2297.0000,0
2024-08-28 00:00,2297.0000,2297.0000,2297.0000,2297.0000,0
2024-08-29 00:00,2297.0000,2297.0000,2297.0000,2297.0000,0
2024-08-30 00:00,2297.0000,2297.0000,2297.0000,2297.0000,0
2024-09-03 00:00,2297.0000,2297.0000,2297.0000,2297.0000,0
2024-09-04 00:00,2297.0000,2297.0000,2297.0000,2297.0000,0
2024-09-05 00:00,2297.0000,2297.0000,2297.0000,2297.0000,0
2024-09-06 00:00,2297.0000,2297.0000,2297.0000,2297.0000,0
2024-09-09 00:00,2297.0000,2297.0000,2297.0000,2297.0000,0
2024-09-10 00:00,2297.0000,2297.0000,2297.0000,2297.0000,0
2024-09-11 00:00,2297.0000,2297.0000,2297.0000,2297.0000,0
2024-09-12 00:00,2297.0000,2297.0000,2297.0000,2297.0000,0
2024-09-13 00:00,2297.0000,2297.0000,2297.0000,2297.0000,0
2024-09-16 00:00,2297.0000,2297.0000,2297.0000,2297.0000,0
2024-09-17 00:00,2297.0000,2297.0000,2297.0000,2297.0000,0
2024-09-18 00:00,2297.0000,2297.0000,2297.0000,2297.0000,0
2024-09-19 00:00,2297.0000,2297.0000,2297.0000,2297.0000,0
2024-09-20 00:00,2297.0000,2297.0000,2297.0000,2297.0000,0
2024-09-23 00:00,2297.0000,2297.0000,2297.0000,2297.0000,0
2024-09-24 00:00,2297.0000,2297.0000,2297.0000,2297.0000,0
2024-09-25 00:00,2297.0000,2297.0000,2297.0000,2297.0000,0
2024-09-26 00:00,2297.0000,2297.0000,2297.0000,2297.0000,0
2024-09-27 00:00,2297.0000,2297.0000,2297.0000,2297.0000,0
2024-09-30 00:00,2297.0000,2297.0000,2297.0000,2297.0000,0
2024-10-01 00:00,2297.0000,2297.0000,2297.0000,2297.0000,0
2024-10-02 00:00,2297.0000,2297.0000,2297.0000,2297.0000,0
2024-10-03 00:00,2297.0000,2297.0000,2297.0000,2297.0000,0
2024-10-04 00:00,2297.0000,2297.0000,2297.0000,2297.0000,0
2024-10-07 00:00,2297.0000,2297.0000,2297.0000,2297.0000,0
2024-10-08 00:00,2297.0000,2297.0000,2297.0000,2297.0000,0
2024-10-09 00:00,2297.0000,2297.0000,2297.0000,2297.0000,0
2024-10-10 00:00,2297.0000,2297.0000,2297.0000,2297.0000,0
2024-10-11 00:00,2297.0000,2297.0000,2297.0000,2297.0000,0
2024-10-14 00:00,2297.0000,2297.0000,2297.0000,2297.0000,0
2024-10-15 00:00,2297.0000,2297.0000,2297.0000,2297.0000,0
2024-10-16 00:00,2297.0000,2297.0000,2297.0000,2297.0000,0
2024-10-17 00:00,2297.0000,2297.0000,2297.0000,2297.0000,0
2024-10-18 00:00,2297.0000,2297.0000,2297.0000,2297.0000,0
2024-10-21 00:00,2297.0000,2297.0000,2297.0000,2297.0000,0
2024-10-22 00:00,2297.0000,2297.0000,2297.0000,2297.0000,0
2024-10-23 00:00,2297.0000,2297.0000,2297.0000,2297.0000,0
2024-10-24 00:00,2297.0000,2297.0000,2297.0000,2297.0000,0
2024-10-25 00:00,2297.0000,2297.0000,2297.0000,2297.0000,0
2024-10-28 00:00,2297.0000,2297.0000,2297.0000,2297.0000,0
2024-10-29 00:00,2297.0000,2297.0000,2297.0000,2297.0000,0
2024-10-30 00:00,2297.0000,2297.0000,2297.0000,2297.0000,0
2024-10-31 00:00,2297.0000,2297.0000,2297.0000,2297.0000,0
2024-11-01 00:00,2297.0000,2297.0000,2297.0000,2297.0000,0
2024-11-04 00:00,2297.0000,2297.0000,2297.0000,2297.0000,0
2024-11-05 00:00,2297.0000,2297.0000,2297.0000,2297.0000,0
2024-11-06 00:00,2297.0000,2297.0000,2297.0000,2297.0000,0
2024-11-07 00:00,2297.0000,2297.0000,2297.0000,2297.0000,0
2024-11-08 00:00,2297.0000,2297.0000,2297.0000,2297.0000,0
2024-11-11 00:00,2297.0000,2297.0000,2297.0000,2297.0000,0
2024-11-12 00:00,2297.0000,2297.0000,2297.0000,2297.0000,0
2024-11-13 00:00,2297.0000,2297.0000,2297.0000,2297.0000,0
2024-11-14 00:00,2297.0000,2297.0000,2297.0000,2297.0000,0
2024-11-15 00:00,2297.0000,2297.0000,2297.0000,2297.0000,0
2024-11-18 00:00,2297.0000,2297.0000,2297.0000,2297.0000,0
2024-11-19 00:00,2297.0000,2297.0000,2297.0000,2297.0000,0
2024-11-20 00:00,2297.0000,2297.0000,2297.0000,2297.0000,0
2024-11-21 00:00,2297.0000,2297.0000,2297.0000,2297.0000,0
2024-11-22 00:00,2297.0000,2297.0000,2297.0000,2297.0000,0
2024-11-25 00:00,2297.0000,2297.0000,2297.0000,2297.0000,0
2024-11-26 00:00,2297.0000,2297.0000,2297.0000,2297.0000,0
2024-11-27 00:00,2297.0000,2297.0000,2297.0000,2297.0000,0
2024-11-29 00:00,2297.0000,2297.0000,2297.0000,2297.0000,0
2024-12-02 00:00,2297.0000,2297.0000,2297.0000,2297.0000,0
2024-12-03 00:00,2297.0000,2297.0000,2297.0000,2297.0000,0
2024-12-04 00:00,2297.0000,2297.0000,2297.0000,2297.0000,0
2024-12-05 00:00,2297.0000,2297.0000,2297.0000,2297.0000,0
2024-12-06 00:00,2297.0000,2297.0000,2297.0000,2297.0000,0
2024-12-09 00:00,2297.0000,2297.0000,2297.0000,2297.0000,0
2024-12-10 00:00,2297.0000,2297.0000,2297.0000,2297.0000,0
2024-12-11 00:00,2297.0000,2297.0000,2297.0000,2297.0000,0
2024-12-12 00:00,2297.0000,2297.0000,2297.0000,2297.0000,0
2024-12-13 00:00,2297.0000,2297.0000,2297.0000,2297.0000,0
2024-12-16 00:00,2297.0000,2297.0000,2297.0000,2297.0000,0
2024-12-17 00:00,2297.0000,2297.0000,2297.0000,2297.0000,0
2024-12-18 00:00,2297.0000,2297.0000,2297.0000,2297.0000,0
2024-12-19 00:00,2297.0000,2297.0000,2297.0000,2297.0000,0
2024-12-20 00:00,2297.0000,2297.0000,2297.0000,2297.0000,0
2024-12-23 00:00,2297.0000,2297.0000,2297.0000,2297.0000,0
2024-12-24 00:00,2297.0000,2297.0000,2297.0000,2297.0000,0
2024-12-26 00:00,2297.0000,2297.0000,2297.0000,2297.0000,0
2024-12-27 00:00,2297.0000,2297.0000,2297.0000,2297.0000,0
2024-12-30 00:00,2297.0000,2297.0000,2297.0000,2297.0000,0
2024-12-31 00:00,2297.0000,2297.0000,2297.0000,2297.0000,0
2025-01-02 00:00,2297.0000,2297.0000,2297.0000,2297.0000,0
2025-01-03 00:00,2297.0000,2297.0000,2297.0000,2297.0000,0
2025-01-06 00:00,2297.0000,2297.0000,2297.0000,2297.0000,0
2025-01-07 00:00,2297.0000,2297.0000,2297.0000,2297.0000,0
2025-01-08 00:00,2297.0000,2297.0000,2297.0000,2297.0000,0
2025-01-09 00:00,2297.0000,2297.0000,2297.0000,2297.0000,0
2025-01-10 00:00,2297.0000,2297.0000,2297.0000,2297.0000,0
2025-01-13 00:00,2297.0000,2297.0000,2297.0000,2297.0000,0
2025-01-14 00:00,2297.0000,2297.0000,2297.0000,2297.0000,0
2025-01-15 00:00,2297.0000,2297.0000,2297.0000,2297.0000,0
2025-01-16 00:00,2297.0000,2297.0000,2297.0000,2297.0000,0
2025-01-17 00:00,2297.0000,2297.0000,2297.0000,2297.0000,0
2025-01-21 00:00,2297.0000,2297.0000,2297.0000,2297.0000,0
2025-01-22 00:00,2297.0000,2297.0000,2297.0000,2297.0000,0
2025-01-23 00:00,2297.0000,2297.0000,2297.0000,2297.0000,0
2025-01-24 00:00,2297.0000,2297.0000,2297.0000,2297.0000,0
2025-01-27 00:00,2297.0000,2297.0000,2297.0000,2297.0000,0
2025-01-28 00:00,2297.0000,2297.0000,2297.0000,2297.0000,0
2025-01-29 00:00,2297.0000,2297.0000,2297.0000,2297.0000,0
2025-01-30 00:00,2297.0000,2297.0000,2297.0000,2297.0000,0
2025-01-31 00:00,2297.0000,2297.0000,2297.0000,2297.0000,0
2025-02-03 00:00,2297.0000,2297.0000,2297.0000,2297.0000,0
2025-02-04 00:00,2297.0000,2297.0000,2297.0000,2297.0000,0
2025-02-05 00:00,2297.0000,2297.0000,2297.0000,2297.0000,0
2025-02-06 00:00,2297.0000,2297.0000,2297.0000,2297.0000,0
2025-02-07 00:00,2297.0000,2297.0000,2297.0000,2297.0000,0
2025-02-10 00:00,2297.0000,2297.0000,2297.0000,2297.0000,0
2025-02-11 00:00,2297.0000,2297.0000,2297.0000,2297.0000,0
2025-02-12 00:00,2297.0000,2297.0000,2297.0000,2297.0000,0
2025-02-13 00:00,2297.0000,2297.0000,2297.0000,2297.0000,0
2025-02-14 00:00,2297.0000,2297.0000,2297.0000,2297.0000,0
2025-02-18 00:00,2297.0000,2297.0000,2297.0000,2297.0000,0
2025-02-19 00:00,2297.0000,2297.0000,2297.0000,2297.0000,0
2025-02-20 00:00,2297.0000,2297.0000,2297.0000,2297.0000,0
2025-02-21 00:00,2297.0000,2297.0000,2297.0000,2297.0000,0
2025-02-24 00:00,2297.0000,2297.0000,2297.0000,2297.0000,0
2025-02-25 00:00,2297.0000,2297.0000,2297.0000,2297.0000,0
2025-02-26 00:00,2297.0000,2297.0000,2297.0000,2297.0000,0
2025-02-27 00:00,2297.0000,2297.0000,2297.0000,2297.0000,0
2025-02-28 00:00,2297.0000,2297.0000,2297.0000,2297.0000,0
2025-03-03 00:00,2297.0000,2297.0000,2297.0000,2297.0000,0
2025-03-04 00:00,2297.0000,2297.0000,2297.0000,2297.0000,0
2025-03-05 00:00,2297.0000,2297.0000,2297.0000,2297.0000,0
2025-03-06 00:00,2297.0000,2297.0000,2297.0000,2297.0000,0
2025-03-07 00:00,2297.0000,2297.0000,2297.0000,2297.0000,0
2025-03-10 00:00,2297.0000,2297.0000,2297.0000,2297.0000,0
2025-03-11 00:00,2297.0000,2297.0000,2297.0000,2297.0000,0
2025-03-12 00:00,2297.0000,2297.0000,2297.0000,2297.0000,0
2025-03-13 00:00,2297.0000,2297.0000,2297.0000,2297.0000,0
2025-03-14 00:00,2297.0000,2297.0000,2297.0000,2297.0000,0
2025-03-17 00:00,2297.0000,2297.0000,2297.0000,2297.0000,0
2025-03-18 00:00,2297.0000,2297.0000,2297.0000,2297.0000,0
2025-03-19 00:00,2297.0000,2297.0000,2297.0000,2297.0000,0
2025-03-20 00:00,2297.0000,2297.0000,2297.0000,2297.0000,0
2025-03-21 00:00,2297.0000,2297.0000,2297.0000,2297.0000,0
2025-03-24 00:00,2297.0000,2297.0000,2297.0000,2297.0000,0
2025-03-25 00:00,2297.0000,2297.0000,2297.0000,2297.0000,0
2025-03-26 00:00,2297.0000,2297.0000,2297.0000,2297.0000,0
2025-03-27 00:00,2297.0000,2297.0000,2297.0000,2297.0000,0
2025-03-28 00:00,2297.0000,2297.0000,2297.0000,2297.0000,0
2025-03-31 00:00,2297.0000,2297.0000,2297.0000,2297.0000,0
2025-04-01 00:00,2297.0000,2297.0000,2297.0000,2297.0000,0
2025-04-02 00:00,2297.0000,2297.0000,2297.0000,2297.0000,0
2025-04-03 00:00,2297.0000,2297.0000,2297.0000,2297.0000,0
2025-04-04 00:00,2297.0000,2297.0000,2297.0000,2297.0000,0
2025-04-07 00:00,2297.0000,2297.0000,2297.0000,2297.0000,0
2025-04-08 00:00,2297.0000,2297.0000,2297.0000,2297.0000,0
2025-04-09 00:00,2297.0000,2297.0000,2297.0000,2297.0000,0
2025-04-10 00:00,2297.0000,2297.0000,2297.0000,2297.0000,0
2025-04-11 00:00,2297.0000,2297.0000,2297.0000,2297.0000,0
2025-04-14 00:00,2297.0000,2297.0000,2297.0000,2297.0000,0
2025-04-15 00:00,2297.0000,2297.0000,2297.0000,2297.0000,0
2025-04-16 00:00,2297.0000,2297.0000,2297.0000,2297.0000,0
2025-04-17 00:00,2297.0000,2297.0000,2297.0000,2297.0000,0
2025-04-21 00:00,2297.0000,2297.0000,2297.0000,2297.0000,0
2025-04-22 00:00,2297.0000,2297.0000,2297.0000,2297.0000,0
2025-04-23 00:00,2297.0000,2297.0000,2297.0000,2297.0000,0
2025-04-24 00:00,2297.0000,2297.0000,2297.0000,2297.0000,0
2025-04-25 00:00,2297.0000,2297.0000,2297.0000,2297.0000,0
2025-04-28 00:00,2297.0000,2297.0000,2297.0000,2297.0000,0
2025-04-29 00:00,2297.0000,2297.0000,2297.0000,2297.0000,0
2025-04-30 00:00,2297.0000,2297.0000,2297.0000,2297.0000,0
2025-05-01 00:00,2297.0000,2297.0000,2297.0000,2297.0000,0
2025-05-02 00:00,2297.0000,2297.0000,2297.0000,2297.0000,0
2025-05-05 00:00,2297.0000,2297.0000,2297.0000,2297.0000,0
2025-05-06 00:00,2297.0000,2297.0000,2297.0000,2297.0000,0
2025-05-07 00:00,2297.0000,2297.0000,2297.0000,2297.0000,0
2025-05-08 00:00,2297.0000,2297.0000,2297.0000,2297.0000,0
2025-05-09 00:00,2297.0000,2297.0000,2297.0000,2297.0000,0
2025-05-12 00:00,2297.0000,2297.0000,2297.0000,2297.0000,0
2025-05-13 00:00,2297.0000,2297.0000,2297.0000,2297.0000,0
2025-05-14 00:00,2297.0000,2297.0000,2297.0000,2297.0000,0
2025-05-15 00:00,2297.0000,2297.0000,2297.0000,2297.0000,0
2025-05-16 00:00,2297.0000,2297.0000,2297.0000,2297.0000,0
2025-05-19 00:00,2297.0000,2297.0000,2297.0000,2297.0000,0
2025-05-20 00:00,2297.0000,2297.0000,2297.0000,2297.0000,0
2025-05-21 00:00,2297.0000,2297.0000,2297.0000,2297.0000,0
2025-05-22 00:00,2297.0000,2297.0000,2297.0000,2297.0000,0
2025-05-23 00:00,2297.0000,2297.0000,2297.0000,2297.0000,0
2025-05-27 00:00,2297.0000,2297.0000,2297.0000,2297.0000,0
2025-05-28 00:00,2297.0000,2297.0000,2297.0000,2297.0000,0
2025-05-29 00:00,2297.0000,2297.0000,2297.0000,2297.0000,0
2025-05-30 00:00,2297.0000,2297.0000,2297.0000,2297.0000,0
2025-06-02 00:00,2297.0000,2297.0000,2297.0000,2297.0000,0
2025-06-03 00:00,2297.0000,2297.0000,2297.0000,2297.0000,0
2025-06-04 00:00,2297.0000,2297.0000,2297.0000,2297.0000,0
2025-06-05 00:00,2297.0000,2297.0000,2297.0000,2297.0000,0
2025-06-06 00:00,2297.0000,2297.0000,2297.0000,2297.0000,0
2025-06-09 00:00,2297.0000,2297.0000,2297.0000,2297.0000,0
2025-06-10 00:00,2297.0000,2297.0000,2297.0000,2297.0000,0
2025-06-11 00:00,2297.0000,2297.0000,2297.0000,2297.0000,0
2025-06-12 00:00,2297.0000,2297.0000,2297.0000,2297.0000,0
2025-06-13 00:00,2297.0000,2297.0000,2297.0000,2297.0000,0
2025-06-16 00:00,2297.0000,2297.0000,2297.0000,2297.0000,0
2025-06-17 00:00,2297.0000,2297.0000,2297.0000,2297.0000,0
2025-06-18 00:00,2297.0000,2297.0000,2297.0000,2297.0000,0
2025-06-20 00:00,2297.0000,2297.0000,2297.0000,2297.0000,0
2025-06-23 00:00,2297.0000,2297.0000,2297.0000,2297.0000,0
2025-06-24 00:00,2297.0000,2297.0000,2297.0000,2297.0000,0
2025-06-25 00:00,2297.0000,2297.0000,2297.0000,2297.0000,0
2025-06-26 00:00,2297.0000,2297.0000,2297.0000,2297.0000,0
2025-06-27 00:00,2297.0000,2297.0000,2297.0000,2297.0000,0
2025-06-30 00:00,2297.0000,2297.0000,2297.0000,2297.0000,0
2025-07-01 00:00,2297.0000,2297.0000,2297.0000,2297.0000,0
2025-07-02 00:00,2297.0000,2297.0000,2297.0000,2297.0000,0
2025-07-03 00:00,2297.0000,2297.0000,2297.0000,2297.0000,0
2025-07-07 00:00,2297.0000,2297.0000,2297.0000,2297.0000,0
2025-07-08 00:00,2297.0000,2297.0000,2297.0000,2297.0000,0
2025-07-09 00:00,2297.0000,2297.0000,2297.0000,2297.0000,0
2025-07-10 00:00,2297.0000,2297.0000,2297.0000,2297.0000,0
2025-07-11 00:00,2297.0000,2297.0000,2297.0000,2297.0000,0
2025-07-14 00:00,2297.0000,2297.0000,2297.0000,2297.0000,0
2025-07-15 00:00,2297.0000,2297.0000,2297.0000,2297.0000,0
2025-07-16 00:00,2297.0000,2297.0000,2297.0000,2297.0000,0
2025-07-17 00:00,2297.0000,2297.0000,2297.0000,2297.0000,0
2025-07-18 00:00,2297.0000,2297.0000,2297.0000,2297.0000,0
